date,line_number,metric_abb,metric,value,year
2020-01-01,1,total,Total,23207,2020
2020-01-01,1,mdu,Average on Business Days,900,2020
2020-01-01,1,msa,Average on Saturdays,500,2020
2020-01-01,1,mdo,Average on Sundays,300,2020
2020-01-01,1,max,Daily Peak,1001,2020
2020-01-01,2,total,Total,13642,2020
2020-01-01,2,mdu,Average on Business Days,542,2020
2020-01-01,2,msa,Average on Saturdays,236,2020
2020-01-01,2,mdo,Average on Sundays,164,2020
2020-01-01,2,max,Daily Peak,598,2020
2020-01-01,3,total,Total,26292,2020
2020-01-01,3,mdu,Average on Business Days,1015,2020
2020-01-01,3,msa,Average on Saturdays,584,2020
2020-01-01,3,mdo,Average on Sundays,343,2020
2020-01-01,3,max,Daily Peak,1099,2020
2020-01-01,15,total,Total,1385,2020
2020-01-01,15,mdu,Average on Business Days,57,2020
2020-01-01,15,msa,Average on Saturdays,19,2020
2020-01-01,15,mdo,Average on Sundays,10,2020
2020-01-01,15,max,Daily Peak,64,2020
2020-01-01,99,total,Total,64526,2020
2020-01-01,99,mdu,Average on Business Days,2515,2020
2020-01-01,99,msa,Average on Saturdays,1338,2020
2020-01-01,99,mdo,Average on Sundays,817,2020
2020-01-01,99,max,Daily Peak,2762,2020
2020-02-01,1,total,Total,23702,2020
2020-02-01,1,mdu,Average on Business Days,1048,2020
2020-02-01,1,msa,Average on Saturdays,606,2020
2020-02-01,1,mdo,Average on Sundays,333,2020
2020-02-01,1,max,Daily Peak,1107,2020
2020-02-01,2,total,Total,13971,2020
2020-02-01,2,mdu,Average on Business Days,641,2020
2020-02-01,2,msa,Average on Saturdays,297,2020
2020-02-01,2,mdo,Average on Sundays,204,2020
2020-02-01,2,max,Daily Peak,678,2020
2020-02-01,3,total,Total,26349,2020
2020-02-01,3,mdu,Average on Business Days,1151,2020
2020-02-01,3,msa,Average on Saturdays,693,2020
2020-02-01,3,mdo,Average on Sundays,431,2020
2020-02-01,3,max,Daily Peak,1209,2020
2020-02-01,15,total,Total,1454,2020
2020-02-01,15,mdu,Average on Business Days,68,2020
2020-02-01,15,msa,Average on Saturdays,36,2020
2020-02-01,15,mdo,Average on Sundays,14,2020
2020-02-01,15,max,Daily Peak,71,2020
2020-02-01,99,total,Total,65476,2020
2020-02-01,99,mdu,Average on Business Days,2907,2020
2020-02-01,99,msa,Average on Saturdays,1625,2020
2020-02-01,99,mdo,Average on Sundays,982,2020
2020-02-01,99,max,Daily Peak,3054,2020
2020-03-01,1,total,Total,17319,2020
2020-03-01,1,mdu,Average on Business Days,679,2020
2020-03-01,1,msa,Average on Saturdays,337,2020
2020-03-01,1,mdo,Average on Sundays,206,2020
2020-03-01,1,max,Daily Peak,1114,2020
2020-03-01,2,total,Total,10608,2020
2020-03-01,2,mdu,Average on Business Days,423,2020
2020-03-01,2,msa,Average on Saturdays,176,2020
2020-03-01,2,mdo,Average on Sundays,121,2020
2020-03-01,2,max,Daily Peak,695,2020
2020-03-01,3,total,Total,20390,2020
2020-03-01,3,mdu,Average on Business Days,790,2020
2020-03-01,3,msa,Average on Saturdays,418,2020
2020-03-01,3,mdo,Average on Sundays,266,2020
2020-03-01,3,max,Daily Peak,1234,2020
2020-03-01,15,total,Total,NA,2020
2020-03-01,15,mdu,Average on Business Days,NA,2020
2020-03-01,15,msa,Average on Saturdays,NA,2020
2020-03-01,15,mdo,Average on Sundays,NA,2020
2020-03-01,15,max,Daily Peak,NA,2020
2020-03-01,99,total,Total,48317,2020
2020-03-01,99,mdu,Average on Business Days,1892,2020
2020-03-01,99,msa,Average on Saturdays,930,2020
2020-03-01,99,mdo,Average on Sundays,593,2020
2020-03-01,99,max,Daily Peak,3040,2020
2020-04-01,1,total,Total,4839,2020
2020-04-01,1,mdu,Average on Business Days,198,2020
2020-04-01,1,msa,Average on Saturdays,109,2020
2020-04-01,1,mdo,Average on Sundays,68,2020
2020-04-01,1,max,Daily Peak,230,2020
2020-04-01,2,total,Total,3039,2020
2020-04-01,2,mdu,Average on Business Days,126,2020
2020-04-01,2,msa,Average on Saturdays,64,2020
2020-04-01,2,mdo,Average on Sundays,39,2020
2020-04-01,2,max,Daily Peak,136,2020
2020-04-01,3,total,Total,6862,2020
2020-04-01,3,mdu,Average on Business Days,280,2020
2020-04-01,3,msa,Average on Saturdays,158,2020
2020-04-01,3,mdo,Average on Sundays,98,2020
2020-04-01,3,max,Daily Peak,312,2020
2020-04-01,15,total,Total,NA,2020
2020-04-01,15,mdu,Average on Business Days,NA,2020
2020-04-01,15,msa,Average on Saturdays,NA,2020
2020-04-01,15,mdo,Average on Sundays,NA,2020
2020-04-01,15,max,Daily Peak,NA,2020
2020-04-01,99,total,Total,14741,2020
2020-04-01,99,mdu,Average on Business Days,604,2020
2020-04-01,99,msa,Average on Saturdays,331,2020
2020-04-01,99,mdo,Average on Sundays,206,2020
2020-04-01,99,max,Daily Peak,678,2020
2020-05-01,1,total,Total,5429,2020
2020-05-01,1,mdu,Average on Business Days,229,2020
2020-05-01,1,msa,Average on Saturdays,126,2020
2020-05-01,1,mdo,Average on Sundays,74,2020
2020-05-01,1,max,Daily Peak,241,2020
2020-05-01,2,total,Total,3250,2020
2020-05-01,2,mdu,Average on Business Days,139,2020
2020-05-01,2,msa,Average on Saturdays,69,2020
2020-05-01,2,mdo,Average on Sundays,43,2020
2020-05-01,2,max,Daily Peak,145,2020
2020-05-01,3,total,Total,7604,2020
2020-05-01,3,mdu,Average on Business Days,319,2020
2020-05-01,3,msa,Average on Saturdays,180,2020
2020-05-01,3,mdo,Average on Sundays,106,2020
2020-05-01,3,max,Daily Peak,333,2020
2020-05-01,15,total,Total,NA,2020
2020-05-01,15,mdu,Average on Business Days,NA,2020
2020-05-01,15,msa,Average on Saturdays,NA,2020
2020-05-01,15,mdo,Average on Sundays,NA,2020
2020-05-01,15,max,Daily Peak,NA,2020
2020-05-01,99,total,Total,16284,2020
2020-05-01,99,mdu,Average on Business Days,687,2020
2020-05-01,99,msa,Average on Saturdays,376,2020
2020-05-01,99,mdo,Average on Sundays,223,2020
2020-05-01,99,max,Daily Peak,717,2020
2020-06-01,1,total,Total,7241,2020
2020-06-01,1,mdu,Average on Business Days,284,2020
2020-06-01,1,msa,Average on Saturdays,163,2020
2020-06-01,1,mdo,Average on Sundays,85,2020
2020-06-01,1,max,Daily Peak,319,2020
2020-06-01,2,total,Total,3978,2020
2020-06-01,2,mdu,Average on Business Days,157,2020
2020-06-01,2,msa,Average on Saturdays,81,2020
2020-06-01,2,mdo,Average on Sundays,47,2020
2020-06-01,2,max,Daily Peak,175,2020
2020-06-01,3,total,Total,9911,2020
2020-06-01,3,mdu,Average on Business Days,386,2020
2020-06-01,3,msa,Average on Saturdays,227,2020
2020-06-01,3,mdo,Average on Sundays,128,2020
2020-06-01,3,max,Daily Peak,425,2020
2020-06-01,15,total,Total,405,2020
2020-06-01,15,mdu,Average on Business Days,16,2020
2020-06-01,15,msa,Average on Saturdays,7,2020
2020-06-01,15,mdo,Average on Sundays,4,2020
2020-06-01,15,max,Daily Peak,23,2020
2020-06-01,99,total,Total,21534,2020
2020-06-01,99,mdu,Average on Business Days,844,2020
2020-06-01,99,msa,Average on Saturdays,478,2020
2020-06-01,99,mdo,Average on Sundays,264,2020
2020-06-01,99,max,Daily Peak,942,2020
2020-07-01,1,total,Total,9406,2020
2020-07-01,1,mdu,Average on Business Days,354,2020
2020-07-01,1,msa,Average on Saturdays,224,2020
2020-07-01,1,mdo,Average on Sundays,104,2020
2020-07-01,1,max,Daily Peak,384,2020
2020-07-01,2,total,Total,4984,2020
2020-07-01,2,mdu,Average on Business Days,191,2020
2020-07-01,2,msa,Average on Saturdays,100,2020
2020-07-01,2,mdo,Average on Sundays,55,2020
2020-07-01,2,max,Daily Peak,208,2020
2020-07-01,3,total,Total,12544,2020
2020-07-01,3,mdu,Average on Business Days,469,2020
2020-07-01,3,msa,Average on Saturdays,298,2020
2020-07-01,3,mdo,Average on Sundays,152,2020
2020-07-01,3,max,Daily Peak,510,2020
2020-07-01,15,total,Total,709,2020
2020-07-01,15,mdu,Average on Business Days,27,2020
2020-07-01,15,msa,Average on Saturdays,17,2020
2020-07-01,15,mdo,Average on Sundays,9,2020
2020-07-01,15,max,Daily Peak,29,2020
2020-07-01,99,total,Total,27642,2020
2020-07-01,99,mdu,Average on Business Days,1040,2020
2020-07-01,99,msa,Average on Saturdays,639,2020
2020-07-01,99,mdo,Average on Sundays,319,2020
2020-07-01,99,max,Daily Peak,1131,2020
2020-08-01,1,total,Total,10372,2020
2020-08-01,1,mdu,Average on Business Days,406,2020
2020-08-01,1,msa,Average on Saturdays,253,2020
2020-08-01,1,mdo,Average on Sundays,117,2020
2020-08-01,1,max,Daily Peak,438,2020
2020-08-01,2,total,Total,5450,2020
2020-08-01,2,mdu,Average on Business Days,218,2020
2020-08-01,2,msa,Average on Saturdays,114,2020
2020-08-01,2,mdo,Average on Sundays,61,2020
2020-08-01,2,max,Daily Peak,229,2020
2020-08-01,3,total,Total,13451,2020
2020-08-01,3,mdu,Average on Business Days,522,2020
2020-08-01,3,msa,Average on Saturdays,329,2020
2020-08-01,3,mdo,Average on Sundays,169,2020
2020-08-01,3,max,Daily Peak,565,2020
2020-08-01,15,total,Total,799,2020
2020-08-01,15,mdu,Average on Business Days,31,2020
2020-08-01,15,msa,Average on Saturdays,20,2020
2020-08-01,15,mdo,Average on Sundays,10,2020
2020-08-01,15,max,Daily Peak,34,2020
2020-08-01,99,total,Total,30071,2020
2020-08-01,99,mdu,Average on Business Days,1177,2020
2020-08-01,99,msa,Average on Saturdays,715,2020
2020-08-01,99,mdo,Average on Sundays,356,2020
2020-08-01,99,max,Daily Peak,1265,2020
2020-09-01,1,total,Total,11428,2020
2020-09-01,1,mdu,Average on Business Days,453,2020
2020-09-01,1,msa,Average on Saturdays,294,2020
2020-09-01,1,mdo,Average on Sundays,141,2020
2020-09-01,1,max,Daily Peak,473,2020
2020-09-01,2,total,Total,6002,2020
2020-09-01,2,mdu,Average on Business Days,244,2020
2020-09-01,2,msa,Average on Saturdays,130,2020
2020-09-01,2,mdo,Average on Sundays,70,2020
2020-09-01,2,max,Daily Peak,255,2020
2020-09-01,3,total,Total,14531,2020
2020-09-01,3,mdu,Average on Business Days,573,2020
2020-09-01,3,msa,Average on Saturdays,373,2020
2020-09-01,3,mdo,Average on Sundays,193,2020
2020-09-01,3,max,Daily Peak,595,2020
2020-09-01,15,total,Total,882,2020
2020-09-01,15,mdu,Average on Business Days,35,2020
2020-09-01,15,msa,Average on Saturdays,23,2020
2020-09-01,15,mdo,Average on Sundays,12,2020
2020-09-01,15,max,Daily Peak,37,2020
2020-09-01,99,total,Total,32842,2020
2020-09-01,99,mdu,Average on Business Days,1304,2020
2020-09-01,99,msa,Average on Saturdays,820,2020
2020-09-01,99,mdo,Average on Sundays,416,2020
2020-09-01,99,max,Daily Peak,1359,2020
2020-10-01,1,total,Total,12750,2020
2020-10-01,1,mdu,Average on Business Days,493,2020
2020-10-01,1,msa,Average on Saturdays,320,2020
2020-10-01,1,mdo,Average on Sundays,152,2020
2020-10-01,1,max,Daily Peak,514,2020
2020-10-01,2,total,Total,6647,2020
2020-10-01,2,mdu,Average on Business Days,264,2020
2020-10-01,2,msa,Average on Saturdays,141,2020
2020-10-01,2,mdo,Average on Sundays,78,2020
2020-10-01,2,max,Daily Peak,275,2020
2020-10-01,3,total,Total,15977,2020
2020-10-01,3,mdu,Average on Business Days,615,2020
2020-10-01,3,msa,Average on Saturdays,395,2020
2020-10-01,3,mdo,Average on Sundays,209,2020
2020-10-01,3,max,Daily Peak,648,2020
2020-10-01,15,total,Total,986,2020
2020-10-01,15,mdu,Average on Business Days,38,2020
2020-10-01,15,msa,Average on Saturdays,24,2020
2020-10-01,15,mdo,Average on Sundays,13,2020
2020-10-01,15,max,Daily Peak,41,2020
2020-10-01,99,total,Total,36359,2020
2020-10-01,99,mdu,Average on Business Days,1410,2020
2020-10-01,99,msa,Average on Saturdays,880,2020
2020-10-01,99,mdo,Average on Sundays,452,2020
2020-10-01,99,max,Daily Peak,1475,2020
2020-11-01,1,total,Total,12873,2020
2020-11-01,1,mdu,Average on Business Days,520,2020
2020-11-01,1,msa,Average on Saturdays,355,2020
2020-11-01,1,mdo,Average on Sundays,176,2020
2020-11-01,1,max,Daily Peak,545,2020
2020-11-01,2,total,Total,6695,2020
2020-11-01,2,mdu,Average on Business Days,276,2020
2020-11-01,2,msa,Average on Saturdays,156,2020
2020-11-01,2,mdo,Average on Sundays,90,2020
2020-11-01,2,max,Daily Peak,286,2020
2020-11-01,3,total,Total,16020,2020
2020-11-01,3,mdu,Average on Business Days,641,2020
2020-11-01,3,msa,Average on Saturdays,441,2020
2020-11-01,3,mdo,Average on Sundays,239,2020
2020-11-01,3,max,Daily Peak,681,2020
2020-11-01,15,total,Total,1002,2020
2020-11-01,15,mdu,Average on Business Days,40,2020
2020-11-01,15,msa,Average on Saturdays,27,2020
2020-11-01,15,mdo,Average on Sundays,15,2020
2020-11-01,15,max,Daily Peak,43,2020
2020-11-01,99,total,Total,36589,2020
2020-11-01,99,mdu,Average on Business Days,1478,2020
2020-11-01,99,msa,Average on Saturdays,979,2020
2020-11-01,99,mdo,Average on Sundays,521,2020
2020-11-01,99,max,Daily Peak,1549,2020
2020-12-01,1,total,Total,12855,2020
2020-12-01,1,mdu,Average on Business Days,514,2020
2020-12-01,1,msa,Average on Saturdays,328,2020
2020-12-01,1,mdo,Average on Sundays,173,2020
2020-12-01,1,max,Daily Peak,557,2020
2020-12-01,2,total,Total,6482,2020
2020-12-01,2,mdu,Average on Business Days,267,2020
2020-12-01,2,msa,Average on Saturdays,139,2020
2020-12-01,2,mdo,Average on Sundays,81,2020
2020-12-01,2,max,Daily Peak,288,2020
2020-12-01,3,total,Total,16328,2020
2020-12-01,3,mdu,Average on Business Days,647,2020
2020-12-01,3,msa,Average on Saturdays,423,2020
2020-12-01,3,mdo,Average on Sundays,235,2020
2020-12-01,3,max,Daily Peak,719,2020
2020-12-01,15,total,Total,1009,2020
2020-12-01,15,mdu,Average on Business Days,40,2020
2020-12-01,15,msa,Average on Saturdays,26,2020
2020-12-01,15,mdo,Average on Sundays,14,2020
2020-12-01,15,max,Daily Peak,44,2020
2020-12-01,99,total,Total,36675,2020
2020-12-01,99,mdu,Average on Business Days,1467,2020
2020-12-01,99,msa,Average on Saturdays,916,2020
2020-12-01,99,mdo,Average on Sundays,503,2020
2020-12-01,99,max,Daily Peak,1607,2020
2021-01-01,1,total,Total,11572,2021
2021-01-01,1,mdu,Average on Business Days,483,2021
2021-01-01,1,msa,Average on Saturdays,263,2021
2021-01-01,1,mdo,Average on Sundays,157,2021
2021-01-01,1,max,Daily Peak,512,2021
2021-01-01,2,total,Total,6058,2021
2021-01-01,2,mdu,Average on Business Days,261,2021
2021-01-01,2,msa,Average on Saturdays,119,2021
2021-01-01,2,mdo,Average on Sundays,73,2021
2021-01-01,2,max,Daily Peak,275,2021
2021-01-01,3,total,Total,14433,2021
2021-01-01,3,mdu,Average on Business Days,601,2021
2021-01-01,3,msa,Average on Saturdays,329,2021
2021-01-01,3,mdo,Average on Sundays,197,2021
2021-01-01,3,max,Daily Peak,639,2021
2021-01-01,15,total,Total,932,2021
2021-01-01,15,mdu,Average on Business Days,39,2021
2021-01-01,15,msa,Average on Saturdays,21,2021
2021-01-01,15,mdo,Average on Sundays,12,2021
2021-01-01,15,max,Daily Peak,42,2021
2021-01-01,99,total,Total,32995,2021
2021-01-01,99,mdu,Average on Business Days,1384,2021
2021-01-01,99,msa,Average on Saturdays,733,2021
2021-01-01,99,mdo,Average on Sundays,439,2021
2021-01-01,99,max,Daily Peak,1468,2021
2021-02-01,1,total,Total,11870,2021
2021-02-01,1,mdu,Average on Business Days,509,2021
2021-02-01,1,msa,Average on Saturdays,304,2021
2021-02-01,1,mdo,Average on Sundays,158,2021
2021-02-01,1,max,Daily Peak,526,2021
2021-02-01,2,total,Total,6334,2021
2021-02-01,2,mdu,Average on Business Days,279,2021
2021-02-01,2,msa,Average on Saturdays,142,2021
2021-02-01,2,mdo,Average on Sundays,80,2021
2021-02-01,2,max,Daily Peak,286,2021
2021-02-01,3,total,Total,14848,2021
2021-02-01,3,mdu,Average on Business Days,635,2021
2021-02-01,3,msa,Average on Saturdays,379,2021
2021-02-01,3,mdo,Average on Sundays,212,2021
2021-02-01,3,max,Daily Peak,658,2021
2021-02-01,15,total,Total,966,2021
2021-02-01,15,mdu,Average on Business Days,41,2021
2021-02-01,15,msa,Average on Saturdays,24,2021
2021-02-01,15,mdo,Average on Sundays,13,2021
2021-02-01,15,max,Daily Peak,43,2021
2021-02-01,99,total,Total,34018,2021
2021-02-01,99,mdu,Average on Business Days,1464,2021
2021-02-01,99,msa,Average on Saturdays,850,2021
2021-02-01,99,mdo,Average on Sundays,463,2021
2021-02-01,99,max,Daily Peak,1506,2021
2021-03-01,1,total,Total,9795,2021
2021-03-01,1,mdu,Average on Business Days,398,2021
2021-03-01,1,msa,Average on Saturdays,192,2021
2021-03-01,1,mdo,Average on Sundays,100,2021
2021-03-01,1,max,Daily Peak,531,2021
2021-03-01,2,total,Total,5570,2021
2021-03-01,2,mdu,Average on Business Days,230,2021
2021-03-01,2,msa,Average on Saturdays,99,2021
2021-03-01,2,mdo,Average on Sundays,53,2021
2021-03-01,2,max,Daily Peak,286,2021
2021-03-01,3,total,Total,12699,2021
2021-03-01,3,mdu,Average on Business Days,511,2021
2021-03-01,3,msa,Average on Saturdays,256,2021
2021-03-01,3,mdo,Average on Sundays,144,2021
2021-03-01,3,max,Daily Peak,664,2021
2021-03-01,15,total,Total,887,2021
2021-03-01,15,mdu,Average on Business Days,36,2021
2021-03-01,15,msa,Average on Saturdays,18,2021
2021-03-01,15,mdo,Average on Sundays,10,2021
2021-03-01,15,max,Daily Peak,43,2021
2021-03-01,99,total,Total,28951,2021
2021-03-01,99,mdu,Average on Business Days,1175,2021
2021-03-01,99,msa,Average on Saturdays,566,2021
2021-03-01,99,mdo,Average on Sundays,306,2021
2021-03-01,99,max,Daily Peak,1523,2021
2021-04-01,1,total,Total,9192,2021
2021-04-01,1,mdu,Average on Business Days,388,2021
2021-04-01,1,msa,Average on Saturdays,204,2021
2021-04-01,1,mdo,Average on Sundays,109,2021
2021-04-01,1,max,Daily Peak,449,2021
2021-04-01,2,total,Total,5161,2021
2021-04-01,2,mdu,Average on Business Days,220,2021
2021-04-01,2,msa,Average on Saturdays,105,2021
2021-04-01,2,mdo,Average on Sundays,61,2021
2021-04-01,2,max,Daily Peak,250,2021
2021-04-01,3,total,Total,11808,2021
2021-04-01,3,mdu,Average on Business Days,493,2021
2021-04-01,3,msa,Average on Saturdays,266,2021
2021-04-01,3,mdo,Average on Sundays,153,2021
2021-04-01,3,max,Daily Peak,566,2021
2021-04-01,15,total,Total,831,2021
2021-04-01,15,mdu,Average on Business Days,35,2021
2021-04-01,15,msa,Average on Saturdays,19,2021
2021-04-01,15,mdo,Average on Sundays,10,2021
2021-04-01,15,max,Daily Peak,39,2021
2021-04-01,99,total,Total,26992,2021
2021-04-01,99,mdu,Average on Business Days,1136,2021
2021-04-01,99,msa,Average on Saturdays,595,2021
2021-04-01,99,mdo,Average on Sundays,333,2021
2021-04-01,99,max,Daily Peak,1304,2021
2021-05-01,1,total,Total,11414,2021
2021-05-01,1,mdu,Average on Business Days,459,2021
2021-05-01,1,msa,Average on Saturdays,295,2021
2021-05-01,1,mdo,Average on Sundays,145,2021
2021-05-01,1,max,Daily Peak,476,2021
2021-05-01,2,total,Total,6301,2021
2021-05-01,2,mdu,Average on Business Days,256,2021
2021-05-01,2,msa,Average on Saturdays,144,2021
2021-05-01,2,mdo,Average on Sundays,78,2021
2021-05-01,2,max,Daily Peak,266,2021
2021-05-01,3,total,Total,14212,2021
2021-05-01,3,mdu,Average on Business Days,568,2021
2021-05-01,3,msa,Average on Saturdays,369,2021
2021-05-01,3,mdo,Average on Sundays,191,2021
2021-05-01,3,max,Daily Peak,592,2021
2021-05-01,15,total,Total,970,2021
2021-05-01,15,mdu,Average on Business Days,39,2021
2021-05-01,15,msa,Average on Saturdays,25,2021
2021-05-01,15,mdo,Average on Sundays,13,2021
2021-05-01,15,max,Daily Peak,41,2021
2021-05-01,99,total,Total,32897,2021
2021-05-01,99,mdu,Average on Business Days,1322,2021
2021-05-01,99,msa,Average on Saturdays,833,2021
2021-05-01,99,mdo,Average on Sundays,427,2021
2021-05-01,99,max,Daily Peak,1367,2021
2021-06-01,1,total,Total,12216,2021
2021-06-01,1,mdu,Average on Business Days,476,2021
2021-06-01,1,msa,Average on Saturdays,311,2021
2021-06-01,1,mdo,Average on Sundays,159,2021
2021-06-01,1,max,Daily Peak,497,2021
2021-06-01,2,total,Total,6794,2021
2021-06-01,2,mdu,Average on Business Days,270,2021
2021-06-01,2,msa,Average on Saturdays,154,2021
2021-06-01,2,mdo,Average on Sundays,85,2021
2021-06-01,2,max,Daily Peak,277,2021
2021-06-01,3,total,Total,15052,2021
2021-06-01,3,mdu,Average on Business Days,589,2021
2021-06-01,3,msa,Average on Saturdays,384,2021
2021-06-01,3,mdo,Average on Sundays,184,2021
2021-06-01,3,max,Daily Peak,617,2021
2021-06-01,15,total,Total,1055,2021
2021-06-01,15,mdu,Average on Business Days,41,2021
2021-06-01,15,msa,Average on Saturdays,26,2021
2021-06-01,15,mdo,Average on Sundays,14,2021
2021-06-01,15,max,Daily Peak,43,2021
2021-06-01,99,total,Total,35117,2021
2021-06-01,99,mdu,Average on Business Days,1376,2021
2021-06-01,99,msa,Average on Saturdays,876,2021
2021-06-01,99,mdo,Average on Sundays,442,2021
2021-06-01,99,max,Daily Peak,1431,2021
2021-07-01,1,total,Total,12800,2021
2021-07-01,1,mdu,Average on Business Days,489,2021
2021-07-01,1,msa,Average on Saturdays,318,2021
2021-07-01,1,mdo,Average on Sundays,166,2021
2021-07-01,1,max,Daily Peak,517,2021
2021-07-01,2,total,Total,7114,2021
2021-07-01,2,mdu,Average on Business Days,275,2021
2021-07-01,2,msa,Average on Saturdays,162,2021
2021-07-01,2,mdo,Average on Sundays,94,2021
2021-07-01,2,max,Daily Peak,288,2021
2021-07-01,3,total,Total,15736,2021
2021-07-01,3,mdu,Average on Business Days,603,2021
2021-07-01,3,msa,Average on Saturdays,387,2021
2021-07-01,3,mdo,Average on Sundays,198,2021
2021-07-01,3,max,Daily Peak,635,2021
2021-07-01,15,total,Total,1031,2021
2021-07-01,15,mdu,Average on Business Days,43,2021
2021-07-01,15,msa,Average on Saturdays,17,2021
2021-07-01,15,mdo,Average on Sundays,9,2021
2021-07-01,15,max,Daily Peak,46,2021
2021-07-01,99,total,Total,36681,2021
2021-07-01,99,mdu,Average on Business Days,1411,2021
2021-07-01,99,msa,Average on Saturdays,884,2021
2021-07-01,99,mdo,Average on Sundays,467,2021
2021-07-01,99,max,Daily Peak,1484,2021
2021-08-01,1,total,Total,13887,2021
2021-08-01,1,mdu,Average on Business Days,531,2021
2021-08-01,1,msa,Average on Saturdays,336,2021
2021-08-01,1,mdo,Average on Sundays,173,2021
2021-08-01,1,max,Daily Peak,553,2021
2021-08-01,2,total,Total,7899,2021
2021-08-01,2,mdu,Average on Business Days,306,2021
2021-08-01,2,msa,Average on Saturdays,165,2021
2021-08-01,2,mdo,Average on Sundays,101,2021
2021-08-01,2,max,Daily Peak,322,2021
2021-08-01,3,total,Total,16941,2021
2021-08-01,3,mdu,Average on Business Days,650,2021
2021-08-01,3,msa,Average on Saturdays,402,2021
2021-08-01,3,mdo,Average on Sundays,209,2021
2021-08-01,3,max,Daily Peak,680,2021
2021-08-01,15,total,Total,1176,2021
2021-08-01,15,mdu,Average on Business Days,47,2021
2021-08-01,15,msa,Average on Saturdays,23,2021
2021-08-01,15,mdo,Average on Sundays,10,2021
2021-08-01,15,max,Daily Peak,50,2021
2021-08-01,99,total,Total,39903,2021
2021-08-01,99,mdu,Average on Business Days,1534,2021
2021-08-01,99,msa,Average on Saturdays,925,2021
2021-08-01,99,mdo,Average on Sundays,493,2021
2021-08-01,99,max,Daily Peak,1596,2021
2021-09-01,1,total,Total,14620,2021
2021-09-01,1,mdu,Average on Business Days,580,2021
2021-09-01,1,msa,Average on Saturdays,373,2021
2021-09-01,1,mdo,Average on Sundays,202,2021
2021-09-01,1,max,Daily Peak,600,2021
2021-09-01,2,total,Total,8167,2021
2021-09-01,2,mdu,Average on Business Days,328,2021
2021-09-01,2,msa,Average on Saturdays,178,2021
2021-09-01,2,mdo,Average on Sundays,118,2021
2021-09-01,2,max,Daily Peak,338,2021
2021-09-01,3,total,Total,17307,2021
2021-09-01,3,mdu,Average on Business Days,691,2021
2021-09-01,3,msa,Average on Saturdays,432,2021
2021-09-01,3,mdo,Average on Sundays,231,2021
2021-09-01,3,max,Daily Peak,742,2021
2021-09-01,15,total,Total,1214,2021
2021-09-01,15,mdu,Average on Business Days,50,2021
2021-09-01,15,msa,Average on Saturdays,30,2021
2021-09-01,15,mdo,Average on Sundays,11,2021
2021-09-01,15,max,Daily Peak,51,2021
2021-09-01,99,total,Total,41308,2021
2021-09-01,99,mdu,Average on Business Days,1649,2021
2021-09-01,99,msa,Average on Saturdays,1013,2021
2021-09-01,99,mdo,Average on Sundays,562,2021
2021-09-01,99,max,Daily Peak,1697,2021
2021-10-01,1,total,Total,15384,2021
2021-10-01,1,mdu,Average on Business Days,614,2021
2021-10-01,1,msa,Average on Saturdays,403,2021
2021-10-01,1,mdo,Average on Sundays,196,2021
2021-10-01,1,max,Daily Peak,652,2021
2021-10-01,2,total,Total,8506,2021
2021-10-01,2,mdu,Average on Business Days,348,2021
2021-10-01,2,msa,Average on Saturdays,195,2021
2021-10-01,2,mdo,Average on Sundays,112,2021
2021-10-01,2,max,Daily Peak,365,2021
2021-10-01,3,total,Total,18109,2021
2021-10-01,3,mdu,Average on Business Days,723,2021
2021-10-01,3,msa,Average on Saturdays,463,2021
2021-10-01,3,mdo,Average on Sundays,243,2021
2021-10-01,3,max,Daily Peak,764,2021
2021-10-01,15,total,Total,1195,2021
2021-10-01,15,mdu,Average on Business Days,52,2021
2021-10-01,15,msa,Average on Saturdays,23,2021
2021-10-01,15,mdo,Average on Sundays,8,2021
2021-10-01,15,max,Daily Peak,55,2021
2021-10-01,99,total,Total,43193,2021
2021-10-01,99,mdu,Average on Business Days,1736,2021
2021-10-01,99,msa,Average on Saturdays,1084,2021
2021-10-01,99,mdo,Average on Sundays,559,2021
2021-10-01,99,max,Daily Peak,1835,2021
2021-11-01,1,total,Total,16326,2021
2021-11-01,1,mdu,Average on Business Days,662,2021
2021-11-01,1,msa,Average on Saturdays,443,2021
2021-11-01,1,mdo,Average on Sundays,241,2021
2021-11-01,1,max,Daily Peak,679,2021
2021-11-01,2,total,Total,8913,2021
2021-11-01,2,mdu,Average on Business Days,370,2021
2021-11-01,2,msa,Average on Saturdays,204,2021
2021-11-01,2,mdo,Average on Sundays,136,2021
2021-11-01,2,max,Daily Peak,382,2021
2021-11-01,3,total,Total,19133,2021
2021-11-01,3,mdu,Average on Business Days,773,2021
2021-11-01,3,msa,Average on Saturdays,517,2021
2021-11-01,3,mdo,Average on Sundays,298,2021
2021-11-01,3,max,Daily Peak,792,2021
2021-11-01,15,total,Total,1330,2021
2021-11-01,15,mdu,Average on Business Days,56,2021
2021-11-01,15,msa,Average on Saturdays,33,2021
2021-11-01,15,mdo,Average on Sundays,18,2021
2021-11-01,15,max,Daily Peak,57,2021
2021-11-01,99,total,Total,45702,2021
2021-11-01,99,mdu,Average on Business Days,1860,2021
2021-11-01,99,msa,Average on Saturdays,1197,2021
2021-11-01,99,mdo,Average on Sundays,693,2021
2021-11-01,99,max,Daily Peak,1897,2021
2021-12-01,1,total,Total,16317,2021
2021-12-01,1,mdu,Average on Business Days,627,2021
2021-12-01,1,msa,Average on Saturdays,495,2021
2021-12-01,1,mdo,Average on Sundays,250,2021
2021-12-01,1,max,Daily Peak,712,2021
2021-12-01,2,total,Total,8877,2021
2021-12-01,2,mdu,Average on Business Days,349,2021
2021-12-01,2,msa,Average on Saturdays,225,2021
2021-12-01,2,mdo,Average on Sundays,138,2021
2021-12-01,2,max,Daily Peak,398,2021
2021-12-01,3,total,Total,19290,2021
2021-12-01,3,mdu,Average on Business Days,737,2021
2021-12-01,3,msa,Average on Saturdays,582,2021
2021-12-01,3,mdo,Average on Sundays,310,2021
2021-12-01,3,max,Daily Peak,850,2021
2021-12-01,15,total,Total,1296,2021
2021-12-01,15,mdu,Average on Business Days,51,2021
2021-12-01,15,msa,Average on Saturdays,37,2021
2021-12-01,15,mdo,Average on Sundays,14,2021
2021-12-01,15,max,Daily Peak,59,2021
2021-12-01,99,total,Total,45780,2021
2021-12-01,99,mdu,Average on Business Days,1764,2021
2021-12-01,99,msa,Average on Saturdays,1338,2021
2021-12-01,99,mdo,Average on Sundays,711,2021
2021-12-01,99,max,Daily Peak,2000,2021
2022-01-01,1,total,Total,13688,2022
2022-01-01,1,mdu,Average on Business Days,542,2022
2022-01-01,1,msa,Average on Saturdays,351,2022
2022-01-01,1,mdo,Average on Sundays,190,2022
2022-01-01,1,max,Daily Peak,585,2022
2022-01-01,2,total,Total,7484,2022
2022-01-01,2,mdu,Average on Business Days,302,2022
2022-01-01,2,msa,Average on Saturdays,169,2022
2022-01-01,2,mdo,Average on Sundays,100,2022
2022-01-01,2,max,Daily Peak,331,2022
2022-01-01,3,total,Total,16226,2022
2022-01-01,3,mdu,Average on Business Days,639,2022
2022-01-01,3,msa,Average on Saturdays,411,2022
2022-01-01,3,mdo,Average on Sundays,235,2022
2022-01-01,3,max,Daily Peak,696,2022
2022-01-01,15,total,Total,1142,2022
2022-01-01,15,mdu,Average on Business Days,46,2022
2022-01-01,15,msa,Average on Saturdays,28,2022
2022-01-01,15,mdo,Average on Sundays,14,2022
2022-01-01,15,max,Daily Peak,50,2022
2022-01-01,99,total,Total,38540,2022
2022-01-01,99,mdu,Average on Business Days,1529,2022
2022-01-01,99,msa,Average on Saturdays,959,2022
2022-01-01,99,mdo,Average on Sundays,539,2022
2022-01-01,99,max,Daily Peak,1652,2022
2022-02-01,1,total,Total,14891,2022
2022-02-01,1,mdu,Average on Business Days,634,2022
2022-02-01,1,msa,Average on Saturdays,415,2022
2022-02-01,1,mdo,Average on Sundays,196,2022
2022-02-01,1,max,Daily Peak,667,2022
2022-02-01,2,total,Total,8486,2022
2022-02-01,2,mdu,Average on Business Days,367,2022
2022-02-01,2,msa,Average on Saturdays,198,2022
2022-02-01,2,mdo,Average on Sundays,129,2022
2022-02-01,2,max,Daily Peak,389,2022
2022-02-01,3,total,Total,17630,2022
2022-02-01,3,mdu,Average on Business Days,743,2022
2022-02-01,3,msa,Average on Saturdays,478,2022
2022-02-01,3,mdo,Average on Sundays,289,2022
2022-02-01,3,max,Daily Peak,775,2022
2022-02-01,15,total,Total,1294,2022
2022-02-01,15,mdu,Average on Business Days,55,2022
2022-02-01,15,msa,Average on Saturdays,34,2022
2022-02-01,15,mdo,Average on Sundays,18,2022
2022-02-01,15,max,Daily Peak,59,2022
2022-02-01,99,total,Total,42301,2022
2022-02-01,99,mdu,Average on Business Days,1800,2022
2022-02-01,99,msa,Average on Saturdays,1124,2022
2022-02-01,99,mdo,Average on Sundays,632,2022
2022-02-01,99,max,Daily Peak,1884,2022
2022-03-01,1,total,Total,18216,2022
2022-03-01,1,mdu,Average on Business Days,706,2022
2022-03-01,1,msa,Average on Saturdays,436,2022
2022-03-01,1,mdo,Average on Sundays,198,2022
2022-03-01,1,max,Daily Peak,734,2022
2022-03-01,2,total,Total,10739,2022
2022-03-01,2,mdu,Average on Business Days,424,2022
2022-03-01,2,msa,Average on Saturdays,215,2022
2022-03-01,2,mdo,Average on Sundays,130,2022
2022-03-01,2,max,Daily Peak,444,2022
2022-03-01,3,total,Total,21835,2022
2022-03-01,3,mdu,Average on Business Days,840,2022
2022-03-01,3,msa,Average on Saturdays,513,2022
2022-03-01,3,mdo,Average on Sundays,287,2022
2022-03-01,3,max,Daily Peak,895,2022
2022-03-01,15,total,Total,1587,2022
2022-03-01,15,mdu,Average on Business Days,62,2022
2022-03-01,15,msa,Average on Saturdays,36,2022
2022-03-01,15,mdo,Average on Sundays,18,2022
2022-03-01,15,max,Daily Peak,64,2022
2022-03-01,99,total,Total,52377,2022
2022-03-01,99,mdu,Average on Business Days,2031,2022
2022-03-01,99,msa,Average on Saturdays,1200,2022
2022-03-01,99,mdo,Average on Sundays,634,2022
2022-03-01,99,max,Daily Peak,2106,2022
2022-04-01,1,total,Total,17547,2022
2022-04-01,1,mdu,Average on Business Days,742,2022
2022-04-01,1,msa,Average on Saturdays,430,2022
2022-04-01,1,mdo,Average on Sundays,235,2022
2022-04-01,1,max,Daily Peak,771,2022
2022-04-01,2,total,Total,10196,2022
2022-04-01,2,mdu,Average on Business Days,444,2022
2022-04-01,2,msa,Average on Saturdays,212,2022
2022-04-01,2,mdo,Average on Sundays,134,2022
2022-04-01,2,max,Daily Peak,459,2022
2022-04-01,3,total,Total,20508,2022
2022-04-01,3,mdu,Average on Business Days,859,2022
2022-04-01,3,msa,Average on Saturdays,499,2022
2022-04-01,3,mdo,Average on Sundays,308,2022
2022-04-01,3,max,Daily Peak,877,2022
2022-04-01,15,total,Total,1507,2022
2022-04-01,15,mdu,Average on Business Days,64,2022
2022-04-01,15,msa,Average on Saturdays,36,2022
2022-04-01,15,mdo,Average on Sundays,19,2022
2022-04-01,15,max,Daily Peak,69,2022
2022-04-01,99,total,Total,49759,2022
2022-04-01,99,mdu,Average on Business Days,2110,2022
2022-04-01,99,msa,Average on Saturdays,1176,2022
2022-04-01,99,mdo,Average on Sundays,697,2022
2022-04-01,99,max,Daily Peak,2173,2022
2022-05-01,1,total,Total,19350,2022
2022-05-01,1,mdu,Average on Business Days,738,2022
2022-05-01,1,msa,Average on Saturdays,473,2022
2022-05-01,1,mdo,Average on Sundays,242,2022
2022-05-01,1,max,Daily Peak,765,2022
2022-05-01,2,total,Total,11447,2022
2022-05-01,2,mdu,Average on Business Days,447,2022
2022-05-01,2,msa,Average on Saturdays,228,2022
2022-05-01,2,mdo,Average on Sundays,135,2022
2022-05-01,2,max,Daily Peak,468,2022
2022-05-01,3,total,Total,22453,2022
2022-05-01,3,mdu,Average on Business Days,847,2022
2022-05-01,3,msa,Average on Saturdays,542,2022
2022-05-01,3,mdo,Average on Sundays,324,2022
2022-05-01,3,max,Daily Peak,877,2022
2022-05-01,15,total,Total,1674,2022
2022-05-01,15,mdu,Average on Business Days,64,2022
2022-05-01,15,msa,Average on Saturdays,39,2022
2022-05-01,15,mdo,Average on Sundays,20,2022
2022-05-01,15,max,Daily Peak,66,2022
2022-05-01,99,total,Total,54925,2022
2022-05-01,99,mdu,Average on Business Days,2097,2022
2022-05-01,99,msa,Average on Saturdays,1282,2022
2022-05-01,99,mdo,Average on Sundays,721,2022
2022-05-01,99,max,Daily Peak,2170,2022
2022-06-01,1,total,Total,17926,2022
2022-06-01,1,mdu,Average on Business Days,710,2022
2022-06-01,1,msa,Average on Saturdays,437,2022
2022-06-01,1,mdo,Average on Sundays,242,2022
2022-06-01,1,max,Daily Peak,746,2022
2022-06-01,2,total,Total,10638,2022
2022-06-01,2,mdu,Average on Business Days,431,2022
2022-06-01,2,msa,Average on Saturdays,214,2022
2022-06-01,2,mdo,Average on Sundays,153,2022
2022-06-01,2,max,Daily Peak,447,2022
2022-06-01,3,total,Total,20959,2022
2022-06-01,3,mdu,Average on Business Days,823,2022
2022-06-01,3,msa,Average on Saturdays,514,2022
2022-06-01,3,mdo,Average on Sundays,322,2022
2022-06-01,3,max,Daily Peak,858,2022
2022-06-01,15,total,Total,1596,2022
2022-06-01,15,mdu,Average on Business Days,64,2022
2022-06-01,15,msa,Average on Saturdays,35,2022
2022-06-01,15,mdo,Average on Sundays,20,2022
2022-06-01,15,max,Daily Peak,70,2022
2022-06-01,99,total,Total,51118,2022
2022-06-01,99,mdu,Average on Business Days,2029,2022
2022-06-01,99,msa,Average on Saturdays,1200,2022
2022-06-01,99,mdo,Average on Sundays,737,2022
2022-06-01,99,max,Daily Peak,2113,2022
2022-07-01,1,total,Total,18175,2022
2022-07-01,1,mdu,Average on Business Days,690,2022
2022-07-01,1,msa,Average on Saturdays,459,2022
2022-07-01,1,mdo,Average on Sundays,265,2022
2022-07-01,1,max,Daily Peak,752,2022
2022-07-01,2,total,Total,10490,2022
2022-07-01,2,mdu,Average on Business Days,413,2022
2022-07-01,2,msa,Average on Saturdays,222,2022
2022-07-01,2,mdo,Average on Sundays,146,2022
2022-07-01,2,max,Daily Peak,430,2022
2022-07-01,3,total,Total,20746,2022
2022-07-01,3,mdu,Average on Business Days,795,2022
2022-07-01,3,msa,Average on Saturdays,511,2022
2022-07-01,3,mdo,Average on Sundays,303,2022
2022-07-01,3,max,Daily Peak,833,2022
2022-07-01,15,total,Total,1517,2022
2022-07-01,15,mdu,Average on Business Days,62,2022
2022-07-01,15,msa,Average on Saturdays,26,2022
2022-07-01,15,mdo,Average on Sundays,16,2022
2022-07-01,15,max,Daily Peak,64,2022
2022-07-01,99,total,Total,50928,2022
2022-07-01,99,mdu,Average on Business Days,1960,2022
2022-07-01,99,msa,Average on Saturdays,1218,2022
2022-07-01,99,mdo,Average on Sundays,731,2022
2022-07-01,99,max,Daily Peak,2058,2022
2022-08-01,1,total,Total,19922,2022
2022-08-01,1,mdu,Average on Business Days,747,2022
2022-08-01,1,msa,Average on Saturdays,454,2022
2022-08-01,1,mdo,Average on Sundays,232,2022
2022-08-01,1,max,Daily Peak,779,2022
2022-08-01,2,total,Total,12057,2022
2022-08-01,2,mdu,Average on Business Days,460,2022
2022-08-01,2,msa,Average on Saturdays,231,2022
2022-08-01,2,mdo,Average on Sundays,136,2022
2022-08-01,2,max,Daily Peak,487,2022
2022-08-01,3,total,Total,22792,2022
2022-08-01,3,mdu,Average on Business Days,849,2022
2022-08-01,3,msa,Average on Saturdays,513,2022
2022-08-01,3,mdo,Average on Sundays,305,2022
2022-08-01,3,max,Daily Peak,888,2022
2022-08-01,15,total,Total,1709,2022
2022-08-01,15,mdu,Average on Business Days,67,2022
2022-08-01,15,msa,Average on Saturdays,28,2022
2022-08-01,15,mdo,Average on Sundays,17,2022
2022-08-01,15,max,Daily Peak,69,2022
2022-08-01,99,total,Total,56481,2022
2022-08-01,99,mdu,Average on Business Days,2122,2022
2022-08-01,99,msa,Average on Saturdays,1226,2022
2022-08-01,99,mdo,Average on Sundays,691,2022
2022-08-01,99,max,Daily Peak,2216,2022
2022-09-01,1,total,Total,19046,2022
2022-09-01,1,mdu,Average on Business Days,761,2022
2022-09-01,1,msa,Average on Saturdays,466,2022
2022-09-01,1,mdo,Average on Sundays,237,2022
2022-09-01,1,max,Daily Peak,796,2022
2022-09-01,2,total,Total,11553,2022
2022-09-01,2,mdu,Average on Business Days,470,2022
2022-09-01,2,msa,Average on Saturdays,235,2022
2022-09-01,2,mdo,Average on Sundays,135,2022
2022-09-01,2,max,Daily Peak,490,2022
2022-09-01,3,total,Total,21793,2022
2022-09-01,3,mdu,Average on Business Days,865,2022
2022-09-01,3,msa,Average on Saturdays,534,2022
2022-09-01,3,mdo,Average on Sundays,290,2022
2022-09-01,3,max,Daily Peak,910,2022
2022-09-01,15,total,Total,1661,2022
2022-09-01,15,mdu,Average on Business Days,68,2022
2022-09-01,15,msa,Average on Saturdays,34,2022
2022-09-01,15,mdo,Average on Sundays,20,2022
2022-09-01,15,max,Daily Peak,74,2022
2022-09-01,99,total,Total,54054,2022
2022-09-01,99,mdu,Average on Business Days,2164,2022
2022-09-01,99,msa,Average on Saturdays,1269,2022
2022-09-01,99,mdo,Average on Sundays,681,2022
2022-09-01,99,max,Daily Peak,2248,2022
2022-10-01,1,total,Total,19679,2022
2022-10-01,1,mdu,Average on Business Days,782,2022
2022-10-01,1,msa,Average on Saturdays,475,2022
2022-10-01,1,mdo,Average on Sundays,257,2022
2022-10-01,1,max,Daily Peak,828,2022
2022-10-01,2,total,Total,11672,2022
2022-10-01,2,mdu,Average on Business Days,475,2022
2022-10-01,2,msa,Average on Saturdays,238,2022
2022-10-01,2,mdo,Average on Sundays,150,2022
2022-10-01,2,max,Daily Peak,498,2022
2022-10-01,3,total,Total,22203,2022
2022-10-01,3,mdu,Average on Business Days,878,2022
2022-10-01,3,msa,Average on Saturdays,533,2022
2022-10-01,3,mdo,Average on Sundays,305,2022
2022-10-01,3,max,Daily Peak,918,2022
2022-10-01,15,total,Total,1679,2022
2022-10-01,15,mdu,Average on Business Days,69,2022
2022-10-01,15,msa,Average on Saturdays,33,2022
2022-10-01,15,mdo,Average on Sundays,19,2022
2022-10-01,15,max,Daily Peak,71,2022
2022-10-01,99,total,Total,55234,2022
2022-10-01,99,mdu,Average on Business Days,2203,2022
2022-10-01,99,msa,Average on Saturdays,1279,2022
2022-10-01,99,mdo,Average on Sundays,731,2022
2022-10-01,99,max,Daily Peak,2308,2022
2022-11-01,1,total,Total,18677,2022
2022-11-01,1,mdu,Average on Business Days,782,2022
2022-11-01,1,msa,Average on Saturdays,484,2022
2022-11-01,1,mdo,Average on Sundays,263,2022
2022-11-01,1,max,Daily Peak,816,2022
2022-11-01,2,total,Total,11039,2022
2022-11-01,2,mdu,Average on Business Days,477,2022
2022-11-01,2,msa,Average on Saturdays,237,2022
2022-11-01,2,mdo,Average on Sundays,144,2022
2022-11-01,2,max,Daily Peak,501,2022
2022-11-01,3,total,Total,21421,2022
2022-11-01,3,mdu,Average on Business Days,889,2022
2022-11-01,3,msa,Average on Saturdays,560,2022
2022-11-01,3,mdo,Average on Sundays,320,2022
2022-11-01,3,max,Daily Peak,928,2022
2022-11-01,15,total,Total,1654,2022
2022-11-01,15,mdu,Average on Business Days,71,2022
2022-11-01,15,msa,Average on Saturdays,34,2022
2022-11-01,15,mdo,Average on Sundays,22,2022
2022-11-01,15,max,Daily Peak,74,2022
2022-11-01,99,total,Total,52791,2022
2022-11-01,99,mdu,Average on Business Days,2220,2022
2022-11-01,99,msa,Average on Saturdays,1316,2022
2022-11-01,99,mdo,Average on Sundays,749,2022
2022-11-01,99,max,Daily Peak,2313,2022
2022-12-01,1,total,Total,18176,2022
2022-12-01,1,mdu,Average on Business Days,691,2022
2022-12-01,1,msa,Average on Saturdays,511,2022
2022-12-01,1,mdo,Average on Sundays,291,2022
2022-12-01,1,max,Daily Peak,845,2022
2022-12-01,2,total,Total,10182,2022
2022-12-01,2,mdu,Average on Business Days,396,2022
2022-12-01,2,msa,Average on Saturdays,248,2022
2022-12-01,2,mdo,Average on Sundays,151,2022
2022-12-01,2,max,Daily Peak,495,2022
2022-12-01,3,total,Total,21117,2022
2022-12-01,3,mdu,Average on Business Days,793,2022
2022-12-01,3,msa,Average on Saturdays,642,2022
2022-12-01,3,mdo,Average on Sundays,348,2022
2022-12-01,3,max,Daily Peak,959,2022
2022-12-01,15,total,Total,1555,2022
2022-12-01,15,mdu,Average on Business Days,62,2022
2022-12-01,15,msa,Average on Saturdays,25,2022
2022-12-01,15,mdo,Average on Sundays,19,2022
2022-12-01,15,max,Daily Peak,75,2022
2022-12-01,99,total,Total,51030,2022
2022-12-01,99,mdu,Average on Business Days,1942,2022
2022-12-01,99,msa,Average on Saturdays,1427,2022
2022-12-01,99,mdo,Average on Sundays,808,2022
2022-12-01,99,max,Daily Peak,2374,2022
2023-01-01,1,total,Total,17163,2023
2023-01-01,1,mdu,Average on Business Days,659,2023
2023-01-01,1,msa,Average on Saturdays,446,2023
2023-01-01,1,mdo,Average on Sundays,252,2023
2023-01-01,1,max,Daily Peak,725,2023
2023-01-01,2,total,Total,9831,2023
2023-01-01,2,mdu,Average on Business Days,390,2023
2023-01-01,2,msa,Average on Saturdays,208,2023
2023-01-01,2,mdo,Average on Sundays,134,2023
2023-01-01,2,max,Daily Peak,446,2023
2023-01-01,3,total,Total,19282,2023
2023-01-01,3,mdu,Average on Business Days,741,2023
2023-01-01,3,msa,Average on Saturdays,480,2023
2023-01-01,3,mdo,Average on Sundays,300,2023
2023-01-01,3,max,Daily Peak,817,2023
2023-01-01,15,total,Total,1505,2023
2023-01-01,15,mdu,Average on Business Days,59,2023
2023-01-01,15,msa,Average on Saturdays,35,2023
2023-01-01,15,mdo,Average on Sundays,20,2023
2023-01-01,15,max,Daily Peak,66,2023
2023-01-01,99,total,Total,47781,2023
2023-01-01,99,mdu,Average on Business Days,1850,2023
2023-01-01,99,msa,Average on Saturdays,1169,2023
2023-01-01,99,mdo,Average on Sundays,706,2023
2023-01-01,99,max,Daily Peak,2047,2023
2023-02-01,1,total,Total,17057,2023
2023-02-01,1,mdu,Average on Business Days,757,2023
2023-02-01,1,msa,Average on Saturdays,465,2023
2023-02-01,1,mdo,Average on Sundays,255,2023
2023-02-01,1,max,Daily Peak,792,2023
2023-02-01,2,total,Total,10104,2023
2023-02-01,2,mdu,Average on Business Days,461,2023
2023-02-01,2,msa,Average on Saturdays,231,2023
2023-02-01,2,mdo,Average on Sundays,148,2023
2023-02-01,2,max,Daily Peak,490,2023
2023-02-01,3,total,Total,19249,2023
2023-02-01,3,mdu,Average on Business Days,844,2023
2023-02-01,3,msa,Average on Saturdays,527,2023
2023-02-01,3,mdo,Average on Sundays,321,2023
2023-02-01,3,max,Daily Peak,888,2023
2023-02-01,15,total,Total,1531,2023
2023-02-01,15,mdu,Average on Business Days,69,2023
2023-02-01,15,msa,Average on Saturdays,38,2023
2023-02-01,15,mdo,Average on Sundays,21,2023
2023-02-01,15,max,Daily Peak,76,2023
2023-02-01,99,total,Total,47941,2023
2023-02-01,99,mdu,Average on Business Days,2132,2023
2023-02-01,99,msa,Average on Saturdays,1261,2023
2023-02-01,99,mdo,Average on Sundays,745,2023
2023-02-01,99,max,Daily Peak,2241,2023
2023-03-01,1,total,Total,20324,2023
2023-03-01,1,mdu,Average on Business Days,803,2023
2023-03-01,1,msa,Average on Saturdays,491,2023
2023-03-01,1,mdo,Average on Sundays,265,2023
2023-03-01,1,max,Daily Peak,828,2023
2023-03-01,2,total,Total,12263,2023
2023-03-01,2,mdu,Average on Business Days,494,2023
2023-03-01,2,msa,Average on Saturdays,241,2023
2023-03-01,2,mdo,Average on Sundays,153,2023
2023-03-01,2,max,Daily Peak,520,2023
2023-03-01,3,total,Total,22571,2023
2023-03-01,3,mdu,Average on Business Days,888,2023
2023-03-01,3,msa,Average on Saturdays,539,2023
2023-03-01,3,mdo,Average on Sundays,311,2023
2023-03-01,3,max,Daily Peak,914,2023
2023-03-01,15,total,Total,1692,2023
2023-03-01,15,mdu,Average on Business Days,72,2023
2023-03-01,15,msa,Average on Saturdays,40,2023
2023-03-01,15,mdo,Average on Sundays,21,2023
2023-03-01,15,max,Daily Peak,74,2023
2023-03-01,99,total,Total,56849,2023
2023-03-01,99,mdu,Average on Business Days,2256,2023
2023-03-01,99,msa,Average on Saturdays,1310,2023
2023-03-01,99,mdo,Average on Sundays,750,2023
2023-03-01,99,max,Daily Peak,2321,2023
2023-04-01,1,total,Total,18701,2023
2023-04-01,1,mdu,Average on Business Days,808,2023
2023-04-01,1,msa,Average on Saturdays,453,2023
2023-04-01,1,mdo,Average on Sundays,262,2023
2023-04-01,1,max,Daily Peak,830,2023
2023-04-01,2,total,Total,10961,2023
2023-04-01,2,mdu,Average on Business Days,492,2023
2023-04-01,2,msa,Average on Saturdays,219,2023
2023-04-01,2,mdo,Average on Sundays,140,2023
2023-04-01,2,max,Daily Peak,512,2023
2023-04-01,3,total,Total,20602,2023
2023-04-01,3,mdu,Average on Business Days,886,2023
2023-04-01,3,msa,Average on Saturdays,501,2023
2023-04-01,3,mdo,Average on Sundays,296,2023
2023-04-01,3,max,Daily Peak,973,2023
2023-04-01,15,total,Total,1653,2023
2023-04-01,15,mdu,Average on Business Days,72,2023
2023-04-01,15,msa,Average on Saturdays,37,2023
2023-04-01,15,mdo,Average on Sundays,22,2023
2023-04-01,15,max,Daily Peak,74,2023
2023-04-01,99,total,Total,51917,2023
2023-04-01,99,mdu,Average on Business Days,2258,2023
2023-04-01,99,msa,Average on Saturdays,1211,2023
2023-04-01,99,mdo,Average on Sundays,720,2023
2023-04-01,99,max,Daily Peak,2372,2023
2023-05-01,1,total,Total,20998,2023
2023-05-01,1,mdu,Average on Business Days,804,2023
2023-05-01,1,msa,Average on Saturdays,496,2023
2023-05-01,1,mdo,Average on Sundays,263,2023
2023-05-01,1,max,Daily Peak,829,2023
2023-05-01,2,total,Total,12543,2023
2023-05-01,2,mdu,Average on Business Days,493,2023
2023-05-01,2,msa,Average on Saturdays,243,2023
2023-05-01,2,mdo,Average on Sundays,146,2023
2023-05-01,2,max,Daily Peak,512,2023
2023-05-01,3,total,Total,23125,2023
2023-05-01,3,mdu,Average on Business Days,880,2023
2023-05-01,3,msa,Average on Saturdays,547,2023
2023-05-01,3,mdo,Average on Sundays,321,2023
2023-05-01,3,max,Daily Peak,901,2023
2023-05-01,15,total,Total,1886,2023
2023-05-01,15,mdu,Average on Business Days,73,2023
2023-05-01,15,msa,Average on Saturdays,43,2023
2023-05-01,15,mdo,Average on Sundays,23,2023
2023-05-01,15,max,Daily Peak,75,2023
2023-05-01,99,total,Total,58553,2023
2023-05-01,99,mdu,Average on Business Days,2249,2023
2023-05-01,99,msa,Average on Saturdays,1328,2023
2023-05-01,99,mdo,Average on Sundays,752,2023
2023-05-01,99,max,Daily Peak,2303,2023
2023-06-01,1,total,Total,19720,2023
2023-06-01,1,mdu,Average on Business Days,785,2023
2023-06-01,1,msa,Average on Saturdays,484,2023
2023-06-01,1,mdo,Average on Sundays,266,2023
2023-06-01,1,max,Daily Peak,858,2023
2023-06-01,2,total,Total,11713,2023
2023-06-01,2,mdu,Average on Business Days,478,2023
2023-06-01,2,msa,Average on Saturdays,246,2023
2023-06-01,2,mdo,Average on Sundays,165,2023
2023-06-01,2,max,Daily Peak,521,2023
2023-06-01,3,total,Total,21868,2023
2023-06-01,3,mdu,Average on Business Days,859,2023
2023-06-01,3,msa,Average on Saturdays,556,2023
2023-06-01,3,mdo,Average on Sundays,345,2023
2023-06-01,3,max,Daily Peak,932,2023
2023-06-01,15,total,Total,1732,2023
2023-06-01,15,mdu,Average on Business Days,73,2023
2023-06-01,15,msa,Average on Saturdays,30,2023
2023-06-01,15,mdo,Average on Sundays,18,2023
2023-06-01,15,max,Daily Peak,77,2023
2023-06-01,99,total,Total,55033,2023
2023-06-01,99,mdu,Average on Business Days,2194,2023
2023-06-01,99,msa,Average on Saturdays,1316,2023
2023-06-01,99,mdo,Average on Sundays,794,2023
2023-06-01,99,max,Daily Peak,2376,2023
2023-07-01,1,total,Total,19187,2023
2023-07-01,1,mdu,Average on Business Days,735,2023
2023-07-01,1,msa,Average on Saturdays,485,2023
2023-07-01,1,mdo,Average on Sundays,265,2023
2023-07-01,1,max,Daily Peak,770,2023
2023-07-01,2,total,Total,11490,2023
2023-07-01,2,mdu,Average on Business Days,453,2023
2023-07-01,2,msa,Average on Saturdays,243,2023
2023-07-01,2,mdo,Average on Sundays,154,2023
2023-07-01,2,max,Daily Peak,477,2023
2023-07-01,3,total,Total,21327,2023
2023-07-01,3,mdu,Average on Business Days,817,2023
2023-07-01,3,msa,Average on Saturdays,532,2023
2023-07-01,3,mdo,Average on Sundays,303,2023
2023-07-01,3,max,Daily Peak,844,2023
2023-07-01,15,total,Total,1653,2023
2023-07-01,15,mdu,Average on Business Days,68,2023
2023-07-01,15,msa,Average on Saturdays,28,2023
2023-07-01,15,mdo,Average on Sundays,17,2023
2023-07-01,15,max,Daily Peak,71,2023
2023-07-01,99,total,Total,53657,2023
2023-07-01,99,mdu,Average on Business Days,2072,2023
2023-07-01,99,msa,Average on Saturdays,1289,2023
2023-07-01,99,mdo,Average on Sundays,738,2023
2023-07-01,99,max,Daily Peak,2140,2023
2023-08-01,1,total,Total,21408,2023
2023-08-01,1,mdu,Average on Business Days,802,2023
2023-08-01,1,msa,Average on Saturdays,484,2023
2023-08-01,1,mdo,Average on Sundays,255,2023
2023-08-01,1,max,Daily Peak,835,2023
2023-08-01,2,total,Total,13343,2023
2023-08-01,2,mdu,Average on Business Days,512,2023
2023-08-01,2,msa,Average on Saturdays,245,2023
2023-08-01,2,mdo,Average on Sundays,147,2023
2023-08-01,2,max,Daily Peak,541,2023
2023-08-01,3,total,Total,23646,2023
2023-08-01,3,mdu,Average on Business Days,883,2023
2023-08-01,3,msa,Average on Saturdays,534,2023
2023-08-01,3,mdo,Average on Sundays,301,2023
2023-08-01,3,max,Daily Peak,925,2023
2023-08-01,15,total,Total,1969,2023
2023-08-01,15,mdu,Average on Business Days,75,2023
2023-08-01,15,msa,Average on Saturdays,41,2023
2023-08-01,15,mdo,Average on Sundays,22,2023
2023-08-01,15,max,Daily Peak,78,2023
2023-08-01,99,total,Total,60365,2023
2023-08-01,99,mdu,Average on Business Days,2272,2023
2023-08-01,99,msa,Average on Saturdays,1304,2023
2023-08-01,99,mdo,Average on Sundays,724,2023
2023-08-01,99,max,Daily Peak,2374,2023
2023-09-01,1,total,Total,20269,2023
2023-09-01,1,mdu,Average on Business Days,829,2023
2023-09-01,1,msa,Average on Saturdays,487,2023
2023-09-01,1,mdo,Average on Sundays,277,2023
2023-09-01,1,max,Daily Peak,871,2023
2023-09-01,2,total,Total,12279,2023
2023-09-01,2,mdu,Average on Business Days,521,2023
2023-09-01,2,msa,Average on Saturdays,248,2023
2023-09-01,2,mdo,Average on Sundays,158,2023
2023-09-01,2,max,Daily Peak,540,2023
2023-09-01,3,total,Total,22305,2023
2023-09-01,3,mdu,Average on Business Days,911,2023
2023-09-01,3,msa,Average on Saturdays,534,2023
2023-09-01,3,mdo,Average on Sundays,318,2023
2023-09-01,3,max,Daily Peak,941,2023
2023-09-01,15,total,Total,1827,2023
2023-09-01,15,mdu,Average on Business Days,76,2023
2023-09-01,15,msa,Average on Saturdays,40,2023
2023-09-01,15,mdo,Average on Sundays,23,2023
2023-09-01,15,max,Daily Peak,79,2023
2023-09-01,99,total,Total,56680,2023
2023-09-01,99,mdu,Average on Business Days,2337,2023
2023-09-01,99,msa,Average on Saturdays,1309,2023
2023-09-01,99,mdo,Average on Sundays,776,2023
2023-09-01,99,max,Daily Peak,2419,2023
2023-10-01,1,total,Total,19754,2023
2023-10-01,1,mdu,Average on Business Days,826,2023
2023-10-01,1,msa,Average on Saturdays,494,2023
2023-10-01,1,mdo,Average on Sundays,253,2023
2023-10-01,1,max,Daily Peak,877,2023
2023-10-01,2,total,Total,12113,2023
2023-10-01,2,mdu,Average on Business Days,523,2023
2023-10-01,2,msa,Average on Saturdays,248,2023
2023-10-01,2,mdo,Average on Sundays,142,2023
2023-10-01,2,max,Daily Peak,551,2023
2023-10-01,3,total,Total,21584,2023
2023-10-01,3,mdu,Average on Business Days,897,2023
2023-10-01,3,msa,Average on Saturdays,538,2023
2023-10-01,3,mdo,Average on Sundays,293,2023
2023-10-01,3,max,Daily Peak,958,2023
2023-10-01,15,total,Total,1718,2023
2023-10-01,15,mdu,Average on Business Days,75,2023
2023-10-01,15,msa,Average on Saturdays,30,2023
2023-10-01,15,mdo,Average on Sundays,19,2023
2023-10-01,15,max,Daily Peak,79,2023
2023-10-01,99,total,Total,55169,2023
2023-10-01,99,mdu,Average on Business Days,2321,2023
2023-10-01,99,msa,Average on Saturdays,1310,2023
2023-10-01,99,mdo,Average on Sundays,707,2023
2023-10-01,99,max,Daily Peak,2445,2023
2023-11-01,1,total,Total,19241,2023
2023-11-01,1,mdu,Average on Business Days,846,2023
2023-11-01,1,msa,Average on Saturdays,500,2023
2023-11-01,1,mdo,Average on Sundays,292,2023
2023-11-01,1,max,Daily Peak,876,2023
2023-11-01,2,total,Total,11717,2023
2023-11-01,2,mdu,Average on Business Days,535,2023
2023-11-01,2,msa,Average on Saturdays,245,2023
2023-11-01,2,mdo,Average on Sundays,157,2023
2023-11-01,2,max,Daily Peak,557,2023
2023-11-01,3,total,Total,21516,2023
2023-11-01,3,mdu,Average on Business Days,925,2023
2023-11-01,3,msa,Average on Saturdays,568,2023
2023-11-01,3,mdo,Average on Sundays,405,2023
2023-11-01,3,max,Daily Peak,949,2023
2023-11-01,15,total,Total,1714,2023
2023-11-01,15,mdu,Average on Business Days,77,2023
2023-11-01,15,msa,Average on Saturdays,41,2023
2023-11-01,15,mdo,Average on Sundays,24,2023
2023-11-01,15,max,Daily Peak,79,2023
2023-11-01,99,total,Total,54188,2023
2023-11-01,99,mdu,Average on Business Days,2384,2023
2023-11-01,99,msa,Average on Saturdays,1354,2023
2023-11-01,99,mdo,Average on Sundays,878,2023
2023-11-01,99,max,Daily Peak,2446,2023
2023-12-01,1,total,Total,19243,2023
2023-12-01,1,mdu,Average on Business Days,765,2023
2023-12-01,1,msa,Average on Saturdays,488,2023
2023-12-01,1,mdo,Average on Sundays,315,2023
2023-12-01,1,max,Daily Peak,877,2023
2023-12-01,2,total,Total,11319,2023
2023-12-01,2,mdu,Average on Business Days,466,2023
2023-12-01,2,msa,Average on Saturdays,230,2023
2023-12-01,2,mdo,Average on Sundays,177,2023
2023-12-01,2,max,Daily Peak,548,2023
2023-12-01,3,total,Total,21710,2023
2023-12-01,3,mdu,Average on Business Days,845,2023
2023-12-01,3,msa,Average on Saturdays,591,2023
2023-12-01,3,mdo,Average on Sundays,397,2023
2023-12-01,3,max,Daily Peak,952,2023
2023-12-01,15,total,Total,1670,2023
2023-12-01,15,mdu,Average on Business Days,70,2023
2023-12-01,15,msa,Average on Saturdays,31,2023
2023-12-01,15,mdo,Average on Sundays,22,2023
2023-12-01,15,max,Daily Peak,80,2023
2023-12-01,99,total,Total,53942,2023
2023-12-01,99,mdu,Average on Business Days,2146,2023
2023-12-01,99,msa,Average on Saturdays,1341,2023
2023-12-01,99,mdo,Average on Sundays,911,2023
2023-12-01,99,max,Daily Peak,2448,2023
2024-01-01,1,total,Total,17684,2024
2024-01-01,1,mdu,Average on Business Days,687,2024
2024-01-01,1,msa,Average on Saturdays,448,2024
2024-01-01,1,mdo,Average on Sundays,252,2024
2024-01-01,1,max,Daily Peak,759,2024
2024-01-01,2,total,Total,10704,2024
2024-01-01,2,mdu,Average on Business Days,432,2024
2024-01-01,2,msa,Average on Saturdays,223,2024
2024-01-01,2,mdo,Average on Sundays,139,2024
2024-01-01,2,max,Daily Peak,495,2024
2024-01-01,3,total,Total,20195,2024
2024-01-01,3,mdu,Average on Business Days,786,2024
2024-01-01,3,msa,Average on Saturdays,495,2024
2024-01-01,3,mdo,Average on Sundays,299,2024
2024-01-01,3,max,Daily Peak,890,2024
2024-01-01,15,total,Total,1575,2024
2024-01-01,15,mdu,Average on Business Days,64,2024
2024-01-01,15,msa,Average on Saturdays,28,2024
2024-01-01,15,mdo,Average on Sundays,20,2024
2024-01-01,15,max,Daily Peak,71,2024
2024-01-01,99,total,Total,50158,2024
2024-01-01,99,mdu,Average on Business Days,1969,2024
2024-01-01,99,msa,Average on Saturdays,1194,2024
2024-01-01,99,mdo,Average on Sundays,711,2024
2024-01-01,99,max,Daily Peak,2215,2024
2024-02-01,1,total,Total,18558,2024
2024-02-01,1,mdu,Average on Business Days,789,2024
2024-02-01,1,msa,Average on Saturdays,476,2024
2024-02-01,1,mdo,Average on Sundays,283,2024
2024-02-01,1,max,Daily Peak,829,2024
2024-02-01,2,total,Total,11727,2024
2024-02-01,2,mdu,Average on Business Days,512,2024
2024-02-01,2,msa,Average on Saturdays,254,2024
2024-02-01,2,mdo,Average on Sundays,178,2024
2024-02-01,2,max,Daily Peak,548,2024
2024-02-01,3,total,Total,20722,2024
2024-02-01,3,mdu,Average on Business Days,872,2024
2024-02-01,3,msa,Average on Saturdays,528,2024
2024-02-01,3,mdo,Average on Sundays,348,2024
2024-02-01,3,max,Daily Peak,908,2024
2024-02-01,15,total,Total,1733,2024
2024-02-01,15,mdu,Average on Business Days,75,2024
2024-02-01,15,msa,Average on Saturdays,41,2024
2024-02-01,15,mdo,Average on Sundays,23,2024
2024-02-01,15,max,Daily Peak,79,2024
2024-02-01,99,total,Total,52741,2024
2024-02-01,99,mdu,Average on Business Days,2248,2024
2024-02-01,99,msa,Average on Saturdays,1299,2024
2024-02-01,99,mdo,Average on Sundays,831,2024
2024-02-01,99,max,Daily Peak,2348,2024
2024-03-01,1,total,Total,20437,2024
2024-03-01,1,mdu,Average on Business Days,830,2024
2024-03-01,1,msa,Average on Saturdays,459,2024
2024-03-01,1,mdo,Average on Sundays,255,2024
2024-03-01,1,max,Daily Peak,852,2024
2024-03-01,2,total,Total,12756,2024
2024-03-01,2,mdu,Average on Business Days,535,2024
2024-03-01,2,msa,Average on Saturdays,238,2024
2024-03-01,2,mdo,Average on Sundays,143,2024
2024-03-01,2,max,Daily Peak,558,2024
2024-03-01,3,total,Total,22256,2024
2024-03-01,3,mdu,Average on Business Days,900,2024
2024-03-01,3,msa,Average on Saturdays,508,2024
2024-03-01,3,mdo,Average on Sundays,279,2024
2024-03-01,3,max,Daily Peak,936,2024
2024-03-01,15,total,Total,1901,2024
2024-03-01,15,mdu,Average on Business Days,79,2024
2024-03-01,15,msa,Average on Saturdays,37,2024
2024-03-01,15,mdo,Average on Sundays,21,2024
2024-03-01,15,max,Daily Peak,81,2024
2024-03-01,99,total,Total,57350,2024
2024-03-01,99,mdu,Average on Business Days,2345,2024
2024-03-01,99,msa,Average on Saturdays,1241,2024
2024-03-01,99,mdo,Average on Sundays,698,2024
2024-03-01,99,max,Daily Peak,2414,2024
2024-04-01,1,total,Total,21247,2024
2024-04-01,1,mdu,Average on Business Days,828,2024
2024-04-01,1,msa,Average on Saturdays,494,2024
2024-04-01,1,mdo,Average on Sundays,263,2024
2024-04-01,1,max,Daily Peak,844,2024
2024-04-01,2,total,Total,13423,2024
2024-04-01,2,mdu,Average on Business Days,536,2024
2024-04-01,2,msa,Average on Saturdays,254,2024
2024-04-01,2,mdo,Average on Sundays,153,2024
2024-04-01,2,max,Daily Peak,557,2024
2024-04-01,3,total,Total,23031,2024
2024-04-01,3,mdu,Average on Business Days,894,2024
2024-04-01,3,msa,Average on Saturdays,535,2024
2024-04-01,3,mdo,Average on Sundays,309,2024
2024-04-01,3,max,Daily Peak,923,2024
2024-04-01,15,total,Total,2043,2024
2024-04-01,15,mdu,Average on Business Days,81,2024
2024-04-01,15,msa,Average on Saturdays,44,2024
2024-04-01,15,mdo,Average on Sundays,23,2024
2024-04-01,15,max,Daily Peak,83,2024
2024-04-01,99,total,Total,59743,2024
2024-04-01,99,mdu,Average on Business Days,2339,2024
2024-04-01,99,msa,Average on Saturdays,1327,2024
2024-04-01,99,mdo,Average on Sundays,748,2024
2024-04-01,99,max,Daily Peak,2403,2024
2024-05-01,1,total,Total,20623,2024
2024-05-01,1,mdu,Average on Business Days,820,2024
2024-05-01,1,msa,Average on Saturdays,486,2024
2024-05-01,1,mdo,Average on Sundays,255,2024
2024-05-01,1,max,Daily Peak,844,2024
2024-05-01,2,total,Total,12893,2024
2024-05-01,2,mdu,Average on Business Days,533,2024
2024-05-01,2,msa,Average on Saturdays,248,2024
2024-05-01,2,mdo,Average on Sundays,137,2024
2024-05-01,2,max,Daily Peak,557,2024
2024-05-01,3,total,Total,22415,2024
2024-05-01,3,mdu,Average on Business Days,886,2024
2024-05-01,3,msa,Average on Saturdays,538,2024
2024-05-01,3,mdo,Average on Sundays,285,2024
2024-05-01,3,max,Daily Peak,917,2024
2024-05-01,15,total,Total,1992,2024
2024-05-01,15,mdu,Average on Business Days,81,2024
2024-05-01,15,msa,Average on Saturdays,44,2024
2024-05-01,15,mdo,Average on Sundays,22,2024
2024-05-01,15,max,Daily Peak,84,2024
2024-05-01,99,total,Total,57924,2024
2024-05-01,99,mdu,Average on Business Days,2320,2024
2024-05-01,99,msa,Average on Saturdays,1316,2024
2024-05-01,99,mdo,Average on Sundays,699,2024
2024-05-01,99,max,Daily Peak,2388,2024
2024-06-01,1,total,Total,19934,2024
2024-06-01,1,mdu,Average on Business Days,806,2024
2024-06-01,1,msa,Average on Saturdays,493,2024
2024-06-01,1,mdo,Average on Sundays,268,2024
2024-06-01,1,max,Daily Peak,848,2024
2024-06-01,2,total,Total,12532,2024
2024-06-01,2,mdu,Average on Business Days,521,2024
2024-06-01,2,msa,Average on Saturdays,252,2024
2024-06-01,2,mdo,Average on Sundays,172,2024
2024-06-01,2,max,Daily Peak,547,2024
2024-06-01,3,total,Total,21887,2024
2024-06-01,3,mdu,Average on Business Days,879,2024
2024-06-01,3,msa,Average on Saturdays,546,2024
2024-06-01,3,mdo,Average on Sundays,317,2024
2024-06-01,3,max,Daily Peak,919,2024
2024-06-01,15,total,Total,1919,2024
2024-06-01,15,mdu,Average on Business Days,81,2024
2024-06-01,15,msa,Average on Saturdays,43,2024
2024-06-01,15,mdo,Average on Sundays,17,2024
2024-06-01,15,max,Daily Peak,84,2024
2024-06-01,99,total,Total,56271,2024
2024-06-01,99,mdu,Average on Business Days,2286,2024
2024-06-01,99,msa,Average on Saturdays,1334,2024
2024-06-01,99,mdo,Average on Sundays,774,2024
2024-06-01,99,max,Daily Peak,2393,2024
2024-07-01,1,total,Total,19649,2024
2024-07-01,1,mdu,Average on Business Days,746,2024
2024-07-01,1,msa,Average on Saturdays,507,2024
2024-07-01,1,mdo,Average on Sundays,280,2024
2024-07-01,1,max,Daily Peak,774,2024
2024-07-01,2,total,Total,12274,2024
2024-07-01,2,mdu,Average on Business Days,484,2024
2024-07-01,2,msa,Average on Saturdays,244,2024
2024-07-01,2,mdo,Average on Sundays,161,2024
2024-07-01,2,max,Daily Peak,515,2024
2024-07-01,3,total,Total,21470,2024
2024-07-01,3,mdu,Average on Business Days,821,2024
2024-07-01,3,msa,Average on Saturdays,519,2024
2024-07-01,3,mdo,Average on Sundays,301,2024
2024-07-01,3,max,Daily Peak,861,2024
2024-07-01,15,total,Total,1914,2024
2024-07-01,15,mdu,Average on Business Days,76,2024
2024-07-01,15,msa,Average on Saturdays,39,2024
2024-07-01,15,mdo,Average on Sundays,22,2024
2024-07-01,15,max,Daily Peak,81,2024
2024-07-01,99,total,Total,55306,2024
2024-07-01,99,mdu,Average on Business Days,2127,2024
2024-07-01,99,msa,Average on Saturdays,1309,2024
2024-07-01,99,mdo,Average on Sundays,764,2024
2024-07-01,99,max,Daily Peak,2226,2024
2024-08-01,1,total,Total,21265,2024
2024-08-01,1,mdu,Average on Business Days,812,2024
2024-08-01,1,msa,Average on Saturdays,480,2024
2024-08-01,1,mdo,Average on Sundays,249,2024
2024-08-01,1,max,Daily Peak,858,2024
2024-08-01,2,total,Total,13422,2024
2024-08-01,2,mdu,Average on Business Days,529,2024
2024-08-01,2,msa,Average on Saturdays,243,2024
2024-08-01,2,mdo,Average on Sundays,139,2024
2024-08-01,2,max,Daily Peak,558,2024
2024-08-01,3,total,Total,23216,2024
2024-08-01,3,mdu,Average on Business Days,882,2024
2024-08-01,3,msa,Average on Saturdays,529,2024
2024-08-01,3,mdo,Average on Sundays,290,2024
2024-08-01,3,max,Daily Peak,928,2024
2024-08-01,15,total,Total,2144,2024
2024-08-01,15,mdu,Average on Business Days,83,2024
2024-08-01,15,msa,Average on Saturdays,44,2024
2024-08-01,15,mdo,Average on Sundays,22,2024
2024-08-01,15,max,Daily Peak,86,2024
2024-08-01,99,total,Total,60047,2024
2024-08-01,99,mdu,Average on Business Days,2307,2024
2024-08-01,99,msa,Average on Saturdays,1296,2024
2024-08-01,99,mdo,Average on Sundays,700,2024
2024-08-01,99,max,Daily Peak,2424,2024
2024-09-01,1,total,Total,20995,2024
2024-09-01,1,mdu,Average on Business Days,833,2024
2024-09-01,1,msa,Average on Saturdays,512,2024
2024-09-01,1,mdo,Average on Sundays,297,2024
2024-09-01,1,max,Daily Peak,874,2024
2024-09-01,2,total,Total,13094,2024
2024-09-01,2,mdu,Average on Business Days,537,2024
2024-09-01,2,msa,Average on Saturdays,250,2024
2024-09-01,2,mdo,Average on Sundays,164,2024
2024-09-01,2,max,Daily Peak,561,2024
2024-09-01,3,total,Total,22585,2024
2024-09-01,3,mdu,Average on Business Days,899,2024
2024-09-01,3,msa,Average on Saturdays,549,2024
2024-09-01,3,mdo,Average on Sundays,321,2024
2024-09-01,3,max,Daily Peak,954,2024
2024-09-01,15,total,Total,2037,2024
2024-09-01,15,mdu,Average on Business Days,85,2024
2024-09-01,15,msa,Average on Saturdays,46,2024
2024-09-01,15,mdo,Average on Sundays,16,2024
2024-09-01,15,max,Daily Peak,88,2024
2024-09-01,99,total,Total,58710,2024
2024-09-01,99,mdu,Average on Business Days,2353,2024
2024-09-01,99,msa,Average on Saturdays,1357,2024
2024-09-01,99,mdo,Average on Sundays,799,2024
2024-09-01,99,max,Daily Peak,2447,2024
2024-10-01,1,total,Total,22206,2024
2024-10-01,1,mdu,Average on Business Days,832,2024
2024-10-01,1,msa,Average on Saturdays,478,2024
2024-10-01,1,mdo,Average on Sundays,301,2024
2024-10-01,1,max,Daily Peak,869,2024
2024-10-01,2,total,Total,13971,2024
2024-10-01,2,mdu,Average on Business Days,539,2024
2024-10-01,2,msa,Average on Saturdays,248,2024
2024-10-01,2,mdo,Average on Sundays,152,2024
2024-10-01,2,max,Daily Peak,567,2024
2024-10-01,3,total,Total,24049,2024
2024-10-01,3,mdu,Average on Business Days,894,2024
2024-10-01,3,msa,Average on Saturdays,545,2024
2024-10-01,3,mdo,Average on Sundays,351,2024
2024-10-01,3,max,Daily Peak,926,2024
2024-10-01,15,total,Total,2226,2024
2024-10-01,15,mdu,Average on Business Days,84,2024
2024-10-01,15,msa,Average on Saturdays,45,2024
2024-10-01,15,mdo,Average on Sundays,28,2024
2024-10-01,15,max,Daily Peak,88,2024
2024-10-01,99,total,Total,62452,2024
2024-10-01,99,mdu,Average on Business Days,2351,2024
2024-10-01,99,msa,Average on Saturdays,1317,2024
2024-10-01,99,mdo,Average on Sundays,833,2024
2024-10-01,99,max,Daily Peak,2449,2024
2024-11-01,1,total,Total,20460,2024
2024-11-01,1,mdu,Average on Business Days,847,2024
2024-11-01,1,msa,Average on Saturdays,511,2024
2024-11-01,1,mdo,Average on Sundays,295,2024
2024-11-01,1,max,Daily Peak,879,2024
2024-11-01,2,total,Total,12668,2024
2024-11-01,2,mdu,Average on Business Days,548,2024
2024-11-01,2,msa,Average on Saturdays,253,2024
2024-11-01,2,mdo,Average on Sundays,153,2024
2024-11-01,2,max,Daily Peak,575,2024
2024-11-01,3,total,Total,22098,2024
2024-11-01,3,mdu,Average on Business Days,907,2024
2024-11-01,3,msa,Average on Saturdays,556,2024
2024-11-01,3,mdo,Average on Sundays,334,2024
2024-11-01,3,max,Daily Peak,945,2024
2024-11-01,15,total,Total,2027,2024
2024-11-01,15,mdu,Average on Business Days,87,2024
2024-11-01,15,msa,Average on Saturdays,47,2024
2024-11-01,15,mdo,Average on Sundays,26,2024
2024-11-01,15,max,Daily Peak,89,2024
2024-11-01,99,total,Total,57253,2024
2024-11-01,99,mdu,Average on Business Days,2388,2024
2024-11-01,99,msa,Average on Saturdays,1367,2024
2024-11-01,99,mdo,Average on Sundays,808,2024
2024-11-01,99,max,Daily Peak,2472,2024
2024-12-01,1,total,Total,18840,2024
2024-12-01,1,mdu,Average on Business Days,765,2024
2024-12-01,1,msa,Average on Saturdays,517,2024
2024-12-01,1,mdo,Average on Sundays,300,2024
2024-12-01,1,max,Daily Peak,888,2024
2024-12-01,2,total,Total,11419,2024
2024-12-01,2,mdu,Average on Business Days,482,2024
2024-12-01,2,msa,Average on Saturdays,250,2024
2024-12-01,2,mdo,Average on Sundays,165,2024
2024-12-01,2,max,Daily Peak,566,2024
2024-12-01,3,total,Total,20679,2024
2024-12-01,3,mdu,Average on Business Days,834,2024
2024-12-01,3,msa,Average on Saturdays,572,2024
2024-12-01,3,mdo,Average on Sundays,340,2024
2024-12-01,3,max,Daily Peak,960,2024
2024-12-01,15,total,Total,1876,2024
2024-12-01,15,mdu,Average on Business Days,78,2024
2024-12-01,15,msa,Average on Saturdays,47,2024
2024-12-01,15,mdo,Average on Sundays,26,2024
2024-12-01,15,max,Daily Peak,89,2024
2024-12-01,99,total,Total,52815,2024
2024-12-01,99,mdu,Average on Business Days,2160,2024
2024-12-01,99,msa,Average on Saturdays,1386,2024
2024-12-01,99,mdo,Average on Sundays,832,2024
2024-12-01,99,max,Daily Peak,2459,2024
2025-01-01,1,total,Total,18128,2025
2025-01-01,1,mdu,Average on Business Days,695,2025
2025-01-01,1,msa,Average on Saturdays,439,2025
2025-01-01,1,mdo,Average on Sundays,250,2025
2025-01-01,1,max,Daily Peak,745,2025
2025-01-01,2,total,Total,11528,2025
2025-01-01,2,mdu,Average on Business Days,455,2025
2025-01-01,2,msa,Average on Saturdays,218,2025
2025-01-01,2,mdo,Average on Sundays,144,2025
2025-01-01,2,max,Daily Peak,506,2025
2025-01-01,3,total,Total,19816,2025
2025-01-01,3,mdu,Average on Business Days,759,2025
2025-01-01,3,msa,Average on Saturdays,462,2025
2025-01-01,3,mdo,Average on Sundays,286,2025
2025-01-01,3,max,Daily Peak,864,2025
2025-01-01,15,total,Total,1862,2025
2025-01-01,15,mdu,Average on Business Days,73,2025
2025-01-01,15,msa,Average on Saturdays,41,2025
2025-01-01,15,mdo,Average on Sundays,22,2025
2025-01-01,15,max,Daily Peak,78,2025
2025-01-01,99,total,Total,51334,2025
2025-01-01,99,mdu,Average on Business Days,1981,2025
2025-01-01,99,msa,Average on Saturdays,1159,2025
2025-01-01,99,mdo,Average on Sundays,703,2025
2025-01-01,99,max,Daily Peak,2143,2025
2025-02-01,1,total,Total,19001,2025
2025-02-01,1,mdu,Average on Business Days,807,2025
2025-02-01,1,msa,Average on Saturdays,457,2025
2025-02-01,1,mdo,Average on Sundays,258,2025
2025-02-01,1,max,Daily Peak,840,2025
2025-02-01,2,total,Total,12511,2025
2025-02-01,2,mdu,Average on Business Days,542,2025
2025-02-01,2,msa,Average on Saturdays,260,2025
2025-02-01,2,mdo,Average on Sundays,156,2025
2025-02-01,2,max,Daily Peak,584,2025
2025-02-01,3,total,Total,20708,2025
2025-02-01,3,mdu,Average on Business Days,866,2025
2025-02-01,3,msa,Average on Saturdays,535,2025
2025-02-01,3,mdo,Average on Sundays,311,2025
2025-02-01,3,max,Daily Peak,905,2025
2025-02-01,15,total,Total,1979,2025
2025-02-01,15,mdu,Average on Business Days,85,2025
2025-02-01,15,msa,Average on Saturdays,45,2025
2025-02-01,15,mdo,Average on Sundays,24,2025
2025-02-01,15,max,Daily Peak,89,2025
2025-02-01,99,total,Total,54199,2025
2025-02-01,99,mdu,Average on Business Days,2301,2025
2025-02-01,99,msa,Average on Saturdays,1298,2025
2025-02-01,99,mdo,Average on Sundays,750,2025
2025-02-01,99,max,Daily Peak,2412,2025
2025-03-01,1,total,Total,20116,2025
2025-03-01,1,mdu,Average on Business Days,832,2025
2025-03-01,1,msa,Average on Saturdays,489,2025
2025-03-01,1,mdo,Average on Sundays,272,2025
2025-03-01,1,max,Daily Peak,860,2025
2025-03-01,2,total,Total,12965,2025
2025-03-01,2,mdu,Average on Business Days,556,2025
2025-03-01,2,msa,Average on Saturdays,262,2025
2025-03-01,2,mdo,Average on Sundays,164,2025
2025-03-01,2,max,Daily Peak,581,2025
2025-03-01,3,total,Total,21711,2025
2025-03-01,3,mdu,Average on Business Days,886,2025
2025-03-01,3,msa,Average on Saturdays,540,2025
2025-03-01,3,mdo,Average on Sundays,318,2025
2025-03-01,3,max,Daily Peak,933,2025
2025-03-01,15,total,Total,2055,2025
2025-03-01,15,mdu,Average on Business Days,87,2025
2025-03-01,15,msa,Average on Saturdays,46,2025
2025-03-01,15,mdo,Average on Sundays,24,2025
2025-03-01,15,max,Daily Peak,93,2025
2025-03-01,99,total,Total,56848,2025
2025-03-01,99,mdu,Average on Business Days,2361,2025
2025-03-01,99,msa,Average on Saturdays,1337,2025
2025-03-01,99,mdo,Average on Sundays,779,2025
2025-03-01,99,max,Daily Peak,2460,2025
2025-04-01,1,total,Total,20400,2025
2025-04-01,1,mdu,Average on Business Days,843,2025
2025-04-01,1,msa,Average on Saturdays,475,2025
2025-04-01,1,mdo,Average on Sundays,260,2025
2025-04-01,1,max,Daily Peak,872,2025
2025-04-01,2,total,Total,13170,2025
2025-04-01,2,mdu,Average on Business Days,561,2025
2025-04-01,2,msa,Average on Saturdays,245,2025
2025-04-01,2,mdo,Average on Sundays,158,2025
2025-04-01,2,max,Daily Peak,585,2025
2025-04-01,3,total,Total,21973,2025
2025-04-01,3,mdu,Average on Business Days,895,2025
2025-04-01,3,msa,Average on Saturdays,543,2025
2025-04-01,3,mdo,Average on Sundays,317,2025
2025-04-01,3,max,Daily Peak,925,2025
2025-04-01,15,total,Total,2070,2025
2025-04-01,15,mdu,Average on Business Days,87,2025
2025-04-01,15,msa,Average on Saturdays,43,2025
2025-04-01,15,mdo,Average on Sundays,24,2025
2025-04-01,15,max,Daily Peak,90,2025
2025-04-01,99,total,Total,57612,2025
2025-04-01,99,mdu,Average on Business Days,2387,2025
2025-04-01,99,msa,Average on Saturdays,1306,2025
2025-04-01,99,mdo,Average on Sundays,758,2025
2025-04-01,99,max,Daily Peak,2454,2025
2025-05-01,1,total,Total,20962,2025
2025-05-01,1,mdu,Average on Business Days,827,2025
2025-05-01,1,msa,Average on Saturdays,484,2025
2025-05-01,1,mdo,Average on Sundays,266,2025
2025-05-01,1,max,Daily Peak,858,2025
2025-05-01,2,total,Total,13507,2025
2025-05-01,2,mdu,Average on Business Days,555,2025
2025-05-01,2,msa,Average on Saturdays,248,2025
2025-05-01,2,mdo,Average on Sundays,155,2025
2025-05-01,2,max,Daily Peak,581,2025
2025-05-01,3,total,Total,22714,2025
2025-05-01,3,mdu,Average on Business Days,886,2025
2025-05-01,3,msa,Average on Saturdays,537,2025
2025-05-01,3,mdo,Average on Sundays,322,2025
2025-05-01,3,max,Daily Peak,919,2025
2025-05-01,15,total,Total,2120,2025
2025-05-01,15,mdu,Average on Business Days,87,2025
2025-05-01,15,msa,Average on Saturdays,42,2025
2025-05-01,15,mdo,Average on Sundays,20,2025
2025-05-01,15,max,Daily Peak,89,2025
2025-05-01,99,total,Total,59303,2025
2025-05-01,99,mdu,Average on Business Days,2355,2025
2025-05-01,99,msa,Average on Saturdays,1312,2025
2025-05-01,99,mdo,Average on Sundays,764,2025
2025-05-01,99,max,Daily Peak,2436,2025
2025-06-01,1,total,Total,19276,2025
2025-06-01,1,mdu,Average on Business Days,794,2025
2025-06-01,1,msa,Average on Saturdays,471,2025
2025-06-01,1,mdo,Average on Sundays,262,2025
2025-06-01,1,max,Daily Peak,832,2025
2025-06-01,2,total,Total,12352,2025
2025-06-01,2,mdu,Average on Business Days,528,2025
2025-06-01,2,msa,Average on Saturdays,248,2025
2025-06-01,2,mdo,Average on Sundays,159,2025
2025-06-01,2,max,Daily Peak,564,2025
2025-06-01,3,total,Total,20960,2025
2025-06-01,3,mdu,Average on Business Days,853,2025
2025-06-01,3,msa,Average on Saturdays,535,2025
2025-06-01,3,mdo,Average on Sundays,310,2025
2025-06-01,3,max,Daily Peak,897,2025
2025-06-01,15,total,Total,2023,2025
2025-06-01,15,mdu,Average on Business Days,85,2025
2025-06-01,15,msa,Average on Saturdays,46,2025
2025-06-01,15,mdo,Average on Sundays,24,2025
2025-06-01,15,max,Daily Peak,94,2025
2025-06-01,99,total,Total,54612,2025
2025-06-01,99,mdu,Average on Business Days,2260,2025
2025-06-01,99,msa,Average on Saturdays,1301,2025
2025-06-01,99,mdo,Average on Sundays,755,2025
2025-06-01,99,max,Daily Peak,2376,2025
2025-07-01,1,total,Total,19428,2025
2025-07-01,1,mdu,Average on Business Days,733,2025
2025-07-01,1,msa,Average on Saturdays,471,2025
2025-07-01,1,mdo,Average on Sundays,272,2025
2025-07-01,1,max,Daily Peak,773,2025
2025-07-01,2,total,Total,12583,2025
2025-07-01,2,mdu,Average on Business Days,491,2025
2025-07-01,2,msa,Average on Saturdays,243,2025
2025-07-01,2,mdo,Average on Sundays,151,2025
2025-07-01,2,max,Daily Peak,517,2025
2025-07-01,3,total,Total,21375,2025
2025-07-01,3,mdu,Average on Business Days,804,2025
2025-07-01,3,msa,Average on Saturdays,515,2025
2025-07-01,3,mdo,Average on Sundays,313,2025
2025-07-01,3,max,Daily Peak,841,2025
2025-07-01,15,total,Total,2038,2025
2025-07-01,15,mdu,Average on Business Days,79,2025
2025-07-01,15,msa,Average on Saturdays,42,2025
2025-07-01,15,mdo,Average on Sundays,24,2025
2025-07-01,15,max,Daily Peak,84,2025
2025-07-01,99,total,Total,55424,2025
2025-07-01,99,mdu,Average on Business Days,2107,2025
2025-07-01,99,msa,Average on Saturdays,1271,2025
2025-07-01,99,mdo,Average on Sundays,759,2025
2025-07-01,99,max,Daily Peak,2210,2025
2025-08-01,1,total,Total,20548,2025
2025-08-01,1,mdu,Average on Business Days,804,2025
2025-08-01,1,msa,Average on Saturdays,477,2025
2025-08-01,1,mdo,Average on Sundays,258,2025
2025-08-01,1,max,Daily Peak,847,2025
2025-08-01,2,total,Total,13354,2025
2025-08-01,2,mdu,Average on Business Days,540,2025
2025-08-01,2,msa,Average on Saturdays,249,2025
2025-08-01,2,mdo,Average on Sundays,154,2025
2025-08-01,2,max,Daily Peak,576,2025
2025-08-01,3,total,Total,22560,2025
2025-08-01,3,mdu,Average on Business Days,870,2025
2025-08-01,3,msa,Average on Saturdays,536,2025
2025-08-01,3,mdo,Average on Sundays,321,2025
2025-08-01,3,max,Daily Peak,913,2025
2025-08-01,15,total,Total,2161,2025
2025-08-01,15,mdu,Average on Business Days,86,2025
2025-08-01,15,msa,Average on Saturdays,46,2025
2025-08-01,15,mdo,Average on Sundays,24,2025
2025-08-01,15,max,Daily Peak,89,2025
2025-08-01,99,total,Total,58624,2025
2025-08-01,99,mdu,Average on Business Days,2300,2025
2025-08-01,99,msa,Average on Saturdays,1308,2025
2025-08-01,99,mdo,Average on Sundays,757,2025
2025-08-01,99,max,Daily Peak,2406,2025
2025-09-01,1,total,Total,21052,2025
2025-09-01,1,mdu,Average on Business Days,817,2025
2025-09-01,1,msa,Average on Saturdays,476,2025
2025-09-01,1,mdo,Average on Sundays,295,2025
2025-09-01,1,max,Daily Peak,848,2025
2025-09-01,2,total,Total,13784,2025
2025-09-01,2,mdu,Average on Business Days,547,2025
2025-09-01,2,msa,Average on Saturdays,253,2025
2025-09-01,2,mdo,Average on Sundays,183,2025
2025-09-01,2,max,Daily Peak,570,2025
2025-09-01,3,total,Total,22965,2025
2025-09-01,3,mdu,Average on Business Days,886,2025
2025-09-01,3,msa,Average on Saturdays,536,2025
2025-09-01,3,mdo,Average on Sundays,332,2025
2025-09-01,3,max,Daily Peak,937,2025
2025-09-01,15,total,Total,2198,2025
2025-09-01,15,mdu,Average on Business Days,90,2025
2025-09-01,15,msa,Average on Saturdays,44,2025
2025-09-01,15,mdo,Average on Sundays,27,2025
2025-09-01,15,max,Daily Peak,93,2025
2025-09-01,99,total,Total,59999,2025
2025-09-01,99,mdu,Average on Business Days,2339,2025
2025-09-01,99,msa,Average on Saturdays,1309,2025
2025-09-01,99,mdo,Average on Sundays,823,2025
2025-09-01,99,max,Daily Peak,2423,2025
2025-10-01,1,total,Total,21644,2025
2025-10-01,1,mdu,Average on Business Days,810,2025
2025-10-01,1,msa,Average on Saturdays,484,2025
2025-10-01,1,mdo,Average on Sundays,271,2025
2025-10-01,1,max,Daily Peak,836,2025
2025-10-01,2,total,Total,13993,2025
2025-10-01,2,mdu,Average on Business Days,540,2025
2025-10-01,2,msa,Average on Saturdays,242,2025
2025-10-01,2,mdo,Average on Sundays,153,2025
2025-10-01,2,max,Daily Peak,564,2025
2025-10-01,3,total,Total,23691,2025
2025-10-01,3,mdu,Average on Business Days,881,2025
2025-10-01,3,msa,Average on Saturdays,540,2025
2025-10-01,3,mdo,Average on Sundays,316,2025
2025-10-01,3,max,Daily Peak,911,2025
2025-10-01,15,total,Total,2284,2025
2025-10-01,15,mdu,Average on Business Days,88,2025
2025-10-01,15,msa,Average on Saturdays,45,2025
2025-10-01,15,mdo,Average on Sundays,24,2025
2025-10-01,15,max,Daily Peak,92,2025
2025-10-01,99,total,Total,61611,2025
2025-10-01,99,mdu,Average on Business Days,2319,2025
2025-10-01,99,msa,Average on Saturdays,1311,2025
2025-10-01,99,mdo,Average on Sundays,758,2025
2025-10-01,99,max,Daily Peak,2391,2025
2025-11-01,1,total,Total,19870,2025
2025-11-01,1,mdu,Average on Business Days,832,2025
2025-11-01,1,msa,Average on Saturdays,494,2025
2025-11-01,1,mdo,Average on Sundays,312,2025
2025-11-01,1,max,Daily Peak,866,2025
2025-11-01,2,total,Total,12635,2025
2025-11-01,2,mdu,Average on Business Days,557,2025
2025-11-01,2,msa,Average on Saturdays,254,2025
2025-11-01,2,mdo,Average on Sundays,167,2025
2025-11-01,2,max,Daily Peak,576,2025
2025-11-01,3,total,Total,22183,2025
2025-11-01,3,mdu,Average on Business Days,920,2025
2025-11-01,3,msa,Average on Saturdays,563,2025
2025-11-01,3,mdo,Average on Sundays,352,2025
2025-11-01,3,max,Daily Peak,992,2025
2025-11-01,15,total,Total,2071,2025
2025-11-01,15,mdu,Average on Business Days,91,2025
2025-11-01,15,msa,Average on Saturdays,46,2025
2025-11-01,15,mdo,Average on Sundays,21,2025
2025-11-01,15,max,Daily Peak,95,2025
2025-11-01,99,total,Total,56758,2025
2025-11-01,99,mdu,Average on Business Days,2400,2025
2025-11-01,99,msa,Average on Saturdays,1358,2025
2025-11-01,99,mdo,Average on Sundays,852,2025
2025-11-01,99,max,Daily Peak,2511,2025
2025-12-01,1,total,Total,18818,2025
2025-12-01,1,mdu,Average on Business Days,762,2025
2025-12-01,1,msa,Average on Saturdays,483,2025
2025-12-01,1,mdo,Average on Sundays,321,2025
2025-12-01,1,max,Daily Peak,868,2025
2025-12-01,2,total,Total,12023,2025
2025-12-01,2,mdu,Average on Business Days,500,2025
2025-12-01,2,msa,Average on Saturdays,263,2025
2025-12-01,2,mdo,Average on Sundays,187,2025
2025-12-01,2,max,Daily Peak,581,2025
2025-12-01,3,total,Total,21510,2025
2025-12-01,3,mdu,Average on Business Days,857,2025
2025-12-01,3,msa,Average on Saturdays,573,2025
2025-12-01,3,mdo,Average on Sundays,374,2025
2025-12-01,3,max,Daily Peak,931,2025
2025-12-01,15,total,Total,1982,2025
2025-12-01,15,mdu,Average on Business Days,83,2025
2025-12-01,15,msa,Average on Saturdays,46,2025
2025-12-01,15,mdo,Average on Sundays,22,2025
2025-12-01,15,max,Daily Peak,94,2025
2025-12-01,99,total,Total,54332,2025
2025-12-01,99,mdu,Average on Business Days,2202,2025
2025-12-01,99,msa,Average on Saturdays,1365,2025
2025-12-01,99,mdo,Average on Sundays,903,2025
2025-12-01,99,max,Daily Peak,2445,2025
2026-01-01,1,total,Total,17720,2026
2026-01-01,1,mdu,Average on Business Days,701,2026
2026-01-01,1,msa,Average on Saturdays,434,2026
2026-01-01,1,mdo,Average on Sundays,257,2026
2026-01-01,1,max,Daily Peak,757,2026
2026-01-01,2,total,Total,11474,2026
2026-01-01,2,mdu,Average on Business Days,474,2026
2026-01-01,2,msa,Average on Saturdays,224,2026
2026-01-01,2,mdo,Average on Sundays,152,2026
2026-01-01,2,max,Daily Peak,523,2026
2026-01-01,3,total,Total,20170,2026
2026-01-01,3,mdu,Average on Business Days,785,2026
2026-01-01,3,msa,Average on Saturdays,499,2026
2026-01-01,3,mdo,Average on Sundays,325,2026
2026-01-01,3,max,Daily Peak,832,2026
2026-01-01,15,total,Total,1922,2026
2026-01-01,15,mdu,Average on Business Days,79,2026
2026-01-01,15,msa,Average on Saturdays,42,2026
2026-01-01,15,mdo,Average on Sundays,20,2026
2026-01-01,15,max,Daily Peak,84,2026
2026-01-01,99,total,Total,51286,2026
2026-01-01,99,mdu,Average on Business Days,2039,2026
2026-01-01,99,msa,Average on Saturdays,1199,2026
2026-01-01,99,mdo,Average on Sundays,753,2026
2026-01-01,99,max,Daily Peak,2193,2026
2026-02-01,1,total,Total,18051,2026
2026-02-01,1,mdu,Average on Business Days,798,2026
2026-02-01,1,msa,Average on Saturdays,495,2026
2026-02-01,1,mdo,Average on Sundays,292,2026
2026-02-01,1,max,Daily Peak,828,2026
2026-02-01,2,total,Total,11955,2026
2026-02-01,2,mdu,Average on Business Days,542,2026
2026-02-01,2,msa,Average on Saturdays,274,2026
2026-02-01,2,mdo,Average on Sundays,199,2026
2026-02-01,2,max,Daily Peak,585,2026
2026-02-01,3,total,Total,20031,2026
2026-02-01,3,mdu,Average on Business Days,870,2026
2026-02-01,3,msa,Average on Saturdays,555,2026
2026-02-01,3,mdo,Average on Sundays,372,2026
2026-02-01,3,max,Daily Peak,902,2026
2026-02-01,15,total,Total,1952,2026
2026-02-01,15,mdu,Average on Business Days,89,2026
2026-02-01,15,msa,Average on Saturdays,48,2026
2026-02-01,15,mdo,Average on Sundays,24,2026
2026-02-01,15,max,Daily Peak,93,2026
2026-02-01,99,total,Total,51988,2026
2026-02-01,99,mdu,Average on Business Days,2299,2026
2026-02-01,99,msa,Average on Saturdays,1372,2026
2026-02-01,99,mdo,Average on Sundays,887,2026
2026-02-01,99,max,Daily Peak,2398,2026
2026-03-01,1,total,Total,21755,2026
2026-03-01,1,mdu,Average on Business Days,836,2026
2026-03-01,1,msa,Average on Saturdays,495,2026
2026-03-01,1,mdo,Average on Sundays,279,2026
2026-03-01,1,max,Daily Peak,855,2026
2026-03-01,2,total,Total,14519,2026
2026-03-01,2,mdu,Average on Business Days,572,2026
2026-03-01,2,msa,Average on Saturdays,268,2026
2026-03-01,2,mdo,Average on Sundays,173,2026
2026-03-01,2,max,Daily Peak,595,2026
2026-03-01,3,total,Total,23920,2026
2026-03-01,3,mdu,Average on Business Days,910,2026
2026-03-01,3,msa,Average on Saturdays,559,2026
2026-03-01,3,mdo,Average on Sundays,335,2026
2026-03-01,3,max,Daily Peak,931,2026
2026-03-01,15,total,Total,2367,2026
2026-03-01,15,mdu,Average on Business Days,93,2026
2026-03-01,15,msa,Average on Saturdays,51,2026
2026-03-01,15,mdo,Average on Sundays,25,2026
2026-03-01,15,max,Daily Peak,96,2026
2026-03-01,99,total,Total,62561,2026
2026-03-01,99,mdu,Average on Business Days,2410,2026
2026-03-01,99,msa,Average on Saturdays,1372,2026
2026-03-01,99,mdo,Average on Sundays,811,2026
2026-03-01,99,max,Daily Peak,2471,2026
2026-04-01,1,total,Total,20358,2026
2026-04-01,1,mdu,Average on Business Days,851,2026
2026-04-01,1,msa,Average on Saturdays,474,2026
2026-04-01,1,mdo,Average on Sundays,274,2026
2026-04-01,1,max,Daily Peak,882,2026
2026-04-01,2,total,Total,13259,2026
2026-04-01,2,mdu,Average on Business Days,573,2026
2026-04-01,2,msa,Average on Saturdays,252,2026
2026-04-01,2,mdo,Average on Sundays,166,2026
2026-04-01,2,max,Daily Peak,596,2026
2026-04-01,3,total,Total,22184,2026
2026-04-01,3,mdu,Average on Business Days,914,2026
2026-04-01,3,msa,Average on Saturdays,532,2026
2026-04-01,3,mdo,Average on Sundays,338,2026
2026-04-01,3,max,Daily Peak,957,2026
2026-04-01,15,total,Total,2223,2026
2026-04-01,15,mdu,Average on Business Days,95,2026
2026-04-01,15,msa,Average on Saturdays,49,2026
2026-04-01,15,mdo,Average on Sundays,25,2026
2026-04-01,15,max,Daily Peak,97,2026
2026-04-01,99,total,Total,58024,2026
2026-04-01,99,mdu,Average on Business Days,2433,2026
2026-04-01,99,msa,Average on Saturdays,1307,2026
2026-04-01,99,mdo,Average on Sundays,802,2026
2026-04-01,99,max,Daily Peak,2517,2026
2026-05-01,1,total,Total,20758,2026
2026-05-01,1,mdu,Average on Business Days,835,2026
2026-05-01,1,msa,Average on Saturdays,483,2026
2026-05-01,1,mdo,Average on Sundays,260,2026
2026-05-01,1,max,Daily Peak,889,2026
2026-05-01,2,total,Total,13549,2026
2026-05-01,2,mdu,Average on Business Days,566,2026
2026-05-01,2,msa,Average on Saturdays,258,2026
2026-05-01,2,mdo,Average on Sundays,149,2026
2026-05-01,2,max,Daily Peak,591,2026
2026-05-01,3,total,Total,22962,2026
2026-05-01,3,mdu,Average on Business Days,903,2026
2026-05-01,3,msa,Average on Saturdays,562,2026
2026-05-01,3,mdo,Average on Sundays,338,2026
2026-05-01,3,max,Daily Peak,931,2026
2026-05-01,15,total,Total,2282,2026
2026-05-01,15,mdu,Average on Business Days,93,2026
2026-05-01,15,msa,Average on Saturdays,50,2026
2026-05-01,15,mdo,Average on Sundays,26,2026
2026-05-01,15,max,Daily Peak,97,2026
2026-05-01,99,total,Total,59550,2026
2026-05-01,99,mdu,Average on Business Days,2397,2026
2026-05-01,99,msa,Average on Saturdays,1352,2026
2026-05-01,99,mdo,Average on Sundays,772,2026
2026-05-01,99,max,Daily Peak,2504,2026
2026-06-01,1,total,Total,19553,2026
2026-06-01,1,mdu,Average on Business Days,799,2026
2026-06-01,1,msa,Average on Saturdays,461,2026
2026-06-01,1,mdo,Average on Sundays,268,2026
2026-06-01,1,max,Daily Peak,863,2026
2026-06-01,2,total,Total,12936,2026
2026-06-01,2,mdu,Average on Business Days,547,2026
2026-06-01,2,msa,Average on Saturdays,251,2026
2026-06-01,2,mdo,Average on Sundays,173,2026
2026-06-01,2,max,Daily Peak,582,2026
2026-06-01,3,total,Total,21730,2026
2026-06-01,3,mdu,Average on Business Days,876,2026
2026-06-01,3,msa,Average on Saturdays,547,2026
2026-06-01,3,mdo,Average on Sundays,327,2026
2026-06-01,3,max,Daily Peak,937,2026
2026-06-01,15,total,Total,2201,2026
2026-06-01,15,mdu,Average on Business Days,91,2026
2026-06-01,15,msa,Average on Saturdays,50,2026
2026-06-01,15,mdo,Average on Sundays,25,2026
2026-06-01,15,max,Daily Peak,95,2026
2026-06-01,99,total,Total,56421,2026
2026-06-01,99,mdu,Average on Business Days,2313,2026
2026-06-01,99,msa,Average on Saturdays,1309,2026
2026-06-01,99,mdo,Average on Sundays,794,2026
2026-06-01,99,max,Daily Peak,2473,2026
2026-07-01,1,total,Total,NA,2026
2026-07-01,1,mdu,Average on Business Days,NA,2026
2026-07-01,1,msa,Average on Saturdays,NA,2026
2026-07-01,1,mdo,Average on Sundays,NA,2026
2026-07-01,1,max,Daily Peak,NA,2026
2026-07-01,2,total,Total,NA,2026
2026-07-01,2,mdu,Average on Business Days,NA,2026
2026-07-01,2,msa,Average on Saturdays,NA,2026
2026-07-01,2,mdo,Average on Sundays,NA,2026
2026-07-01,2,max,Daily Peak,NA,2026
2026-07-01,3,total,Total,NA,2026
2026-07-01,3,mdu,Average on Business Days,NA,2026
2026-07-01,3,msa,Average on Saturdays,NA,2026
2026-07-01,3,mdo,Average on Sundays,NA,2026
2026-07-01,3,max,Daily Peak,NA,2026
2026-07-01,15,total,Total,NA,2026
2026-07-01,15,mdu,Average on Business Days,NA,2026
2026-07-01,15,msa,Average on Saturdays,NA,2026
2026-07-01,15,mdo,Average on Sundays,NA,2026
2026-07-01,15,max,Daily Peak,NA,2026
2026-07-01,99,total,Total,NA,2026
2026-07-01,99,mdu,Average on Business Days,NA,2026
2026-07-01,99,msa,Average on Saturdays,NA,2026
2026-07-01,99,mdo,Average on Sundays,NA,2026
2026-07-01,99,max,Daily Peak,NA,2026
2026-08-01,1,total,Total,NA,2026
2026-08-01,1,mdu,Average on Business Days,NA,2026
2026-08-01,1,msa,Average on Saturdays,NA,2026
2026-08-01,1,mdo,Average on Sundays,NA,2026
2026-08-01,1,max,Daily Peak,NA,2026
2026-08-01,2,total,Total,NA,2026
2026-08-01,2,mdu,Average on Business Days,NA,2026
2026-08-01,2,msa,Average on Saturdays,NA,2026
2026-08-01,2,mdo,Average on Sundays,NA,2026
2026-08-01,2,max,Daily Peak,NA,2026
2026-08-01,3,total,Total,NA,2026
2026-08-01,3,mdu,Average on Business Days,NA,2026
2026-08-01,3,msa,Average on Saturdays,NA,2026
2026-08-01,3,mdo,Average on Sundays,NA,2026
2026-08-01,3,max,Daily Peak,NA,2026
2026-08-01,15,total,Total,NA,2026
2026-08-01,15,mdu,Average on Business Days,NA,2026
2026-08-01,15,msa,Average on Saturdays,NA,2026
2026-08-01,15,mdo,Average on Sundays,NA,2026
2026-08-01,15,max,Daily Peak,NA,2026
2026-08-01,99,total,Total,NA,2026
2026-08-01,99,mdu,Average on Business Days,NA,2026
2026-08-01,99,msa,Average on Saturdays,NA,2026
2026-08-01,99,mdo,Average on Sundays,NA,2026
2026-08-01,99,max,Daily Peak,NA,2026
2026-09-01,1,total,Total,NA,2026
2026-09-01,1,mdu,Average on Business Days,NA,2026
2026-09-01,1,msa,Average on Saturdays,NA,2026
2026-09-01,1,mdo,Average on Sundays,NA,2026
2026-09-01,1,max,Daily Peak,NA,2026
2026-09-01,2,total,Total,NA,2026
2026-09-01,2,mdu,Average on Business Days,NA,2026
2026-09-01,2,msa,Average on Saturdays,NA,2026
2026-09-01,2,mdo,Average on Sundays,NA,2026
2026-09-01,2,max,Daily Peak,NA,2026
2026-09-01,3,total,Total,NA,2026
2026-09-01,3,mdu,Average on Business Days,NA,2026
2026-09-01,3,msa,Average on Saturdays,NA,2026
2026-09-01,3,mdo,Average on Sundays,NA,2026
2026-09-01,3,max,Daily Peak,NA,2026
2026-09-01,15,total,Total,NA,2026
2026-09-01,15,mdu,Average on Business Days,NA,2026
2026-09-01,15,msa,Average on Saturdays,NA,2026
2026-09-01,15,mdo,Average on Sundays,NA,2026
2026-09-01,15,max,Daily Peak,NA,2026
2026-09-01,99,total,Total,NA,2026
2026-09-01,99,mdu,Average on Business Days,NA,2026
2026-09-01,99,msa,Average on Saturdays,NA,2026
2026-09-01,99,mdo,Average on Sundays,NA,2026
2026-09-01,99,max,Daily Peak,NA,2026
2026-10-01,1,total,Total,NA,2026
2026-10-01,1,mdu,Average on Business Days,NA,2026
2026-10-01,1,msa,Average on Saturdays,NA,2026
2026-10-01,1,mdo,Average on Sundays,NA,2026
2026-10-01,1,max,Daily Peak,NA,2026
2026-10-01,2,total,Total,NA,2026
2026-10-01,2,mdu,Average on Business Days,NA,2026
2026-10-01,2,msa,Average on Saturdays,NA,2026
2026-10-01,2,mdo,Average on Sundays,NA,2026
2026-10-01,2,max,Daily Peak,NA,2026
2026-10-01,3,total,Total,NA,2026
2026-10-01,3,mdu,Average on Business Days,NA,2026
2026-10-01,3,msa,Average on Saturdays,NA,2026
2026-10-01,3,mdo,Average on Sundays,NA,2026
2026-10-01,3,max,Daily Peak,NA,2026
2026-10-01,15,total,Total,NA,2026
2026-10-01,15,mdu,Average on Business Days,NA,2026
2026-10-01,15,msa,Average on Saturdays,NA,2026
2026-10-01,15,mdo,Average on Sundays,NA,2026
2026-10-01,15,max,Daily Peak,NA,2026
2026-10-01,99,total,Total,NA,2026
2026-10-01,99,mdu,Average on Business Days,NA,2026
2026-10-01,99,msa,Average on Saturdays,NA,2026
2026-10-01,99,mdo,Average on Sundays,NA,2026
2026-10-01,99,max,Daily Peak,NA,2026
2026-11-01,1,total,Total,NA,2026
2026-11-01,1,mdu,Average on Business Days,NA,2026
2026-11-01,1,msa,Average on Saturdays,NA,2026
2026-11-01,1,mdo,Average on Sundays,NA,2026
2026-11-01,1,max,Daily Peak,NA,2026
2026-11-01,2,total,Total,NA,2026
2026-11-01,2,mdu,Average on Business Days,NA,2026
2026-11-01,2,msa,Average on Saturdays,NA,2026
2026-11-01,2,mdo,Average on Sundays,NA,2026
2026-11-01,2,max,Daily Peak,NA,2026
2026-11-01,3,total,Total,NA,2026
2026-11-01,3,mdu,Average on Business Days,NA,2026
2026-11-01,3,msa,Average on Saturdays,NA,2026
2026-11-01,3,mdo,Average on Sundays,NA,2026
2026-11-01,3,max,Daily Peak,NA,2026
2026-11-01,15,total,Total,NA,2026
2026-11-01,15,mdu,Average on Business Days,NA,2026
2026-11-01,15,msa,Average on Saturdays,NA,2026
2026-11-01,15,mdo,Average on Sundays,NA,2026
2026-11-01,15,max,Daily Peak,NA,2026
2026-11-01,99,total,Total,NA,2026
2026-11-01,99,mdu,Average on Business Days,NA,2026
2026-11-01,99,msa,Average on Saturdays,NA,2026
2026-11-01,99,mdo,Average on Sundays,NA,2026
2026-11-01,99,max,Daily Peak,NA,2026
2026-12-01,1,total,Total,NA,2026
2026-12-01,1,mdu,Average on Business Days,NA,2026
2026-12-01,1,msa,Average on Saturdays,NA,2026
2026-12-01,1,mdo,Average on Sundays,NA,2026
2026-12-01,1,max,Daily Peak,NA,2026
2026-12-01,2,total,Total,NA,2026
2026-12-01,2,mdu,Average on Business Days,NA,2026
2026-12-01,2,msa,Average on Saturdays,NA,2026
2026-12-01,2,mdo,Average on Sundays,NA,2026
2026-12-01,2,max,Daily Peak,NA,2026
2026-12-01,3,total,Total,NA,2026
2026-12-01,3,mdu,Average on Business Days,NA,2026
2026-12-01,3,msa,Average on Saturdays,NA,2026
2026-12-01,3,mdo,Average on Sundays,NA,2026
2026-12-01,3,max,Daily Peak,NA,2026
2026-12-01,15,total,Total,NA,2026
2026-12-01,15,mdu,Average on Business Days,NA,2026
2026-12-01,15,msa,Average on Saturdays,NA,2026
2026-12-01,15,mdo,Average on Sundays,NA,2026
2026-12-01,15,max,Daily Peak,NA,2026
2026-12-01,99,total,Total,NA,2026
2026-12-01,99,mdu,Average on Business Days,NA,2026
2026-12-01,99,msa,Average on Saturdays,NA,2026
2026-12-01,99,mdo,Average on Sundays,NA,2026
2026-12-01,99,max,Daily Peak,NA,2026
