station_name_raw,station_member_id,source,notes
AACD-Servidor,aacd-servidor,dataverse_averages,
Adolfo Pinheiro,adolfo-pinheiro,dataverse_averages,
Alto da Boa Vista,alto-da-boa-vista,dataverse_averages,
Borba Gato,borba-gato,dataverse_averages,
Brooklin,brooklin,dataverse_averages,
Butantã,butanta,dataverse_averages,
Campo Belo,campo-belo,dataverse_averages,
Campo Limpo,campo-limpo,dataverse_averages,
Capão Redondo,capao-redondo,dataverse_averages,
Chácara Klabin,chacara-klabin,dataverse_averages,
Eucaliptos,eucaliptos,dataverse_averages,
Faria Lima,faria-lima,dataverse_averages,
Fradique Coutinho,fradique-coutinho,dataverse_averages,
Giovanni Gronchi,giovanni-gronchi,dataverse_averages,
Higienópolis - Mackenzie,higienopolis-mackenzie,dataverse_averages,
Hospital São Paulo,hospital-sao-paulo,dataverse_averages,
Largo Treze,largo-treze,dataverse_averages,
Luz,luz,dataverse_averages,
Moema,moema,dataverse_averages,
Oscar Freire,oscar-freire,dataverse_averages,
Paulista,paulista,dataverse_averages,
Pinheiros,pinheiros,dataverse_averages,
República,republica,dataverse_averages,
Santa Cruz,santa-cruz,dataverse_averages,
Santo Amaro,santo-amaro,dataverse_averages,
São Paulo - Morumbi,sao-paulo-morumbi,dataverse_averages,
Vila Sônia,vila-sonia,dataverse_averages,
Vila das Belezas,vila-das-belezas,dataverse_averages,
AACD-Servidor,aacd-servidor,dataverse_daily,
Adolfo Pinheiro,adolfo-pinheiro,dataverse_daily,
Alto da Boa Vista,alto-da-boa-vista,dataverse_daily,
Borba Gato,borba-gato,dataverse_daily,
Brooklin,brooklin,dataverse_daily,
Butantã,butanta,dataverse_daily,
Campo Belo,campo-belo,dataverse_daily,
Campo Limpo,campo-limpo,dataverse_daily,
Capão Redondo,capao-redondo,dataverse_daily,
Chácara Klabin,chacara-klabin,dataverse_daily,
Eucaliptos,eucaliptos,dataverse_daily,
Faria Lima,faria-lima,dataverse_daily,
Fradique Coutinho,fradique-coutinho,dataverse_daily,
Giovanni Gronchi,giovanni-gronchi,dataverse_daily,
Higienópolis - Mackenzie,higienopolis-mackenzie,dataverse_daily,
Hospital São Paulo,hospital-sao-paulo,dataverse_daily,
Largo Treze,largo-treze,dataverse_daily,
Luz,luz,dataverse_daily,
Moema,moema,dataverse_daily,
Oscar Freire,oscar-freire,dataverse_daily,
Paulista,paulista,dataverse_daily,
Pinheiros,pinheiros,dataverse_daily,
Santa Cruz,santa-cruz,dataverse_daily,
Santo Amaro,santo-amaro,dataverse_daily,
São Paulo - Morumbi,sao-paulo-morumbi,dataverse_daily,
Vila Sônia,vila-sonia,dataverse_daily,
Vila das Belezas,vila-das-belezas,dataverse_daily,
14 Bis,14-bis,geosampa_metro,
AACD-Servidor,aacd-servidor,geosampa_metro,
Abel Ferreira,abel-ferreira,geosampa_metro,
Abraão De Morais,abraao-de-morais,geosampa_metro,
Aclimacao,aclimacao,geosampa_metro,
Adolfo Pinheiro,adolfo-pinheiro,geosampa_metro,
Aeroporto De Congonhas,aeroporto-de-congonhas,geosampa_metro,
Afonsina,afonsina,geosampa_metro,
Alto da Boa Vista,alto-da-boa-vista,geosampa_metro,
Alto do Ipiranga,alto-do-ipiranga,geosampa_metro,
Américo Maurano,americo-maurano,geosampa_metro,
Ana Rosa,ana-rosa,geosampa_metro,
Anhangabaú,anhangabau,geosampa_metro,
Anália Franco,analia-franco,geosampa_metro,
Aricanduva,aricanduva,geosampa_metro,
Arlindo Vieira,arlindo-vieira,geosampa_metro,
Armênia,armenia,geosampa_metro,
Artur Alvim,artur-alvim,geosampa_metro,
Bela Vista,bela-vista,geosampa_metro,
Belém,belem,geosampa_metro,
Boa Esperança,boa-esperanca,geosampa_metro,
Bom Pastor,bom-pastor,geosampa_metro,
Borba Gato,borba-gato,geosampa_metro,
Bosque Maia,bosque-maia,geosampa_metro,
Brasilândia,brasilandia,geosampa_metro,
Bresser-Moóca,bresser-mooca,geosampa_metro,
Brigadeiro,brigadeiro,geosampa_metro,
Brooklin,brooklin,geosampa_metro,
Brooklin Paulista,brooklin-paulista,geosampa_metro,
Brás,bras,geosampa_metro,
Butantã,butanta,geosampa_metro,
Cambuci,cambuci,geosampa_metro,
Camilo Haddad,camilo-haddad,geosampa_metro,
Campo Belo,campo-belo,geosampa_metro,
Campo Limpo,campo-limpo,geosampa_metro,
Capão Redondo,capao-redondo,geosampa_metro,
Carandiru,carandiru,geosampa_metro,
Carrão,carrao,geosampa_metro,
Catumbi,catumbi,geosampa_metro,
Cerro Corá,cerro-cora,geosampa_metro,
Chucri Zaidan,chucri-zaidan,geosampa_metro,
Chácara Do Jóquei,chacara-do-joquei,geosampa_metro,
Chácara Klabin,chacara-klabin,geosampa_metro,
Cidade Leonor,cidade-leonor,geosampa_metro,
Cidade Tiradentes,cidade-tiradentes,geosampa_metro,
Clínicas,clinicas,geosampa_metro,
Comendador Sant'anna,comendador-sant-anna,geosampa_metro,
Conceição,conceicao,geosampa_metro,
Consolação,consolacao,geosampa_metro,
Corinthians-Itaquera,corinthians-itaquera,geosampa_metro,
Cotia,cotia,geosampa_metro,
Cursino,cursino,geosampa_metro,
Curuçá,curuca,geosampa_metro,
Dante Pazzanese,dante-pazzanese,geosampa_metro,
Dutra,dutra,geosampa_metro,
Estrada Do Embu,estrada-do-embu,geosampa_metro,
Estádio Morumbi,estadio-morumbi,geosampa_metro,
Eucaliptos,eucaliptos,geosampa_metro,
Faap-Pacaembu,faap-pacaembu,geosampa_metro,
Faria Lima,faria-lima,geosampa_metro,
Fazenda da Juta,fazenda-da-juta,geosampa_metro,
Fradique Coutinho,fradique-coutinho,geosampa_metro,
Freguesia Do Ó,freguesia-do-o,geosampa_metro,
Giovanni Gronchi,giovanni-gronchi,geosampa_metro,
Girassol,girassol,geosampa_metro,
Granja Viana,granja-viana,geosampa_metro,
Guarulhos,guarulhos,geosampa_metro,
Guilherme Giorgi,guilherme-giorgi,geosampa_metro,
Guilhermina-Esperança,guilhermina-esperanca,geosampa_metro,
Hebraica-Rebouças,hebraica-reboucas,geosampa_metro,
Higienópolis - Mackenzie,higienopolis-mackenzie,geosampa_metro,
Hospital Cidade Tiradentes,hospital-cidade-tiradentes,geosampa_metro,
Hospital Saboia,hospital-saboia,geosampa_metro,
Hospital São Paulo,hospital-sao-paulo,geosampa_metro,
Hélio Pellegrino,helio-pellegrino,geosampa_metro,
Indianópolis,indianopolis,geosampa_metro,
Ipiranga,ipiranga,geosampa_metro,
Itaberaba-Hospital Vila Penteado,itaberaba-hospital-vila-penteado,geosampa_metro,
Itapegica,itapegica,geosampa_metro,
Jabaquara,jabaquara,geosampa_metro,
Jacu-Pêssego,jacu-pessego,geosampa_metro,
Japão-Liberdade,japao-liberdade,geosampa_metro,
Jardim Boa Vista,jardim-boa-vista,geosampa_metro,
Jardim Brasil,jardim-brasil,geosampa_metro,
Jardim Colonial,jardim-colonial,geosampa_metro,
Jardim Esmeralda,jardim-esmeralda,geosampa_metro,
Jardim Japão,jardim-japao,geosampa_metro,
Jardim Julieta,jardim-julieta,geosampa_metro,
Jardim Marilu,jardim-marilu,geosampa_metro,
Jardim Paulista,jardim-paulista,geosampa_metro,
Jardim Pedra Branca,jardim-pedra-branca,geosampa_metro,
Jardim Planalto,jardim-planalto,geosampa_metro,
Jardim São Paulo-Ayrton Senna,jardim-sao-paulo-ayrton-senna,geosampa_metro,
Jardim Ângela,jardim-angela,geosampa_metro,
Jesuíno Cardoso,jesuino-cardoso,geosampa_metro,
José Diniz,jose-diniz,geosampa_metro,
João Paulo I,joao-paulo-i,geosampa_metro,
Lapa,lapa,geosampa_metro,
Largo Treze,largo-treze,geosampa_metro,
Liviero,liviero,geosampa_metro,
Luz,luz,geosampa_metro,
Marechal Deodoro,marechal-deodoro,geosampa_metro,
Mesopotâmia,mesopotamia,geosampa_metro,
Moema,moema,geosampa_metro,
Monte Belo,monte-belo,geosampa_metro,
Morro Grande,morro-grande,geosampa_metro,
Morumbi,morumbi,geosampa_metro,
Nove De Julho,nove-de-julho,geosampa_metro,
Oratório,oratorio,geosampa_metro,
Orfanato,orfanato,geosampa_metro,
Oscar Freire,oscar-freire,geosampa_metro,
Paes De Barros,paes-de-barros,geosampa_metro,
Palmeiras-Barra Funda,palmeiras-barra-funda,geosampa_metro,
Panamby,panamby,geosampa_metro,
Parada Inglesa,parada-inglesa,geosampa_metro,
Paraisópolis,paraisopolis,geosampa_metro,
Paraíso,paraiso,geosampa_metro,
Pari,pari,geosampa_metro,
Parque Aclimação,parque-aclimacao,geosampa_metro,
Parque Alexandra,parque-alexandra,geosampa_metro,
Parque Da Independência,parque-da-independencia,geosampa_metro,
Parque Ibirapuera,parque-ibirapuera,geosampa_metro,
Patriarca,patriarca,geosampa_metro,
Paulista,paulista,geosampa_metro,
Paulo Freire,paulo-freire,geosampa_metro,
Pedro II,pedro-ii,geosampa_metro,
Penha,penha,geosampa_metro,
Penha De França,penha-de-franca,geosampa_metro,
Perdizes,perdizes,geosampa_metro,
Pinheiros,pinheiros,geosampa_metro,
Ponte Grande,ponte-grande,geosampa_metro,
Portugal,portugal,geosampa_metro,
Portuguesa-Tietê,portuguesa-tiete,geosampa_metro,
Praça da Árvore,praca-da-arvore,geosampa_metro,
Príncipe De Gales,principe-de-gales,geosampa_metro,
Puc-Cardoso De Almeida,puc-cardoso-de-almeida,geosampa_metro,
Regente Feijó,regente-feijo,geosampa_metro,
República,republica,geosampa_metro,
Ricardo Jafet,ricardo-jafet,geosampa_metro,
Rio Pequeno,rio-pequeno,geosampa_metro,
Rubem Berta,rubem-berta,geosampa_metro,
Rudge Ramos,rudge-ramos,geosampa_metro,
Sabiá,sabia,geosampa_metro,
Sacomã,sacoma,geosampa_metro,
Santa Cecília,santa-cecilia,geosampa_metro,
Santa Clara,santa-clara,geosampa_metro,
Santa Cruz,santa-cruz,geosampa_metro,
Santa Isabel,santa-isabel,geosampa_metro,
Santa Maria,santa-maria,geosampa_metro,
Santa Marina,santa-marina,geosampa_metro,
Santana,santana,geosampa_metro,
Santo Amaro,santo-amaro,geosampa_metro,
Santo André,santo-andre,geosampa_metro,
Santo Antônio,santo-antonio-metro,geosampa_metro,
Santos-Imigrantes,santos-imigrantes,geosampa_metro,
Sapopemba,sapopemba,geosampa_metro,
Saúde,saude,geosampa_metro,
Sesc Pompeia,sesc-pompeia,geosampa_metro,
Silva Teles,silva-teles,geosampa_metro,
Sumaré,sumare,geosampa_metro,
São Bento,sao-bento,geosampa_metro,
São Carlos,sao-carlos,geosampa_metro,
São Joaquim,sao-joaquim,geosampa_metro,
São Judas,sao-judas,geosampa_metro,
São Lucas,sao-lucas,geosampa_metro,
São Mateus,sao-mateus,geosampa_metro,
São Paulo - Morumbi,sao-paulo-morumbi,geosampa_metro,
Sé,se,geosampa_metro,
Tabapuã,tabapua,geosampa_metro,
Taboão Da Serra,taboao-da-serra,geosampa_metro,
Taboão-Pauliceia,taboao-pauliceia,geosampa_metro,
Tamanduateí,tamanduatei,geosampa_metro,
Tatuapé,tatuape,geosampa_metro,
Teodoro Sampaio,teodoro-sampaio,geosampa_metro,
Tiquatira,tiquatira,geosampa_metro,
Tiradentes,tiradentes,geosampa_metro,
Trianon-Masp,trianon-masp,geosampa_metro,
Tucuruvi,tucuruvi,geosampa_metro,
Universidade De São Paulo,universidade-de-sao-paulo,geosampa_metro,
Velha Campinas,velha-campinas,geosampa_metro,
Vergueiro,vergueiro,geosampa_metro,
Victor Civita,victor-civita,geosampa_metro,
Vila Augusta,vila-augusta,geosampa_metro,
Vila Babilônia,vila-babilonia,geosampa_metro,
Vila Bertioga,vila-bertioga,geosampa_metro,
Vila Cardoso,vila-cardoso,geosampa_metro,
Vila Cordeiro,vila-cordeiro,geosampa_metro,
Vila Formosa,vila-formosa,geosampa_metro,
Vila Madalena,vila-madalena,geosampa_metro,
Vila Maria,vila-maria,geosampa_metro,
Vila Mariana,vila-mariana,geosampa_metro,
Vila Matilde,vila-matilde,geosampa_metro,
Vila Monumento,vila-monumento,geosampa_metro,
Vila Paulista,vila-paulista,geosampa_metro,
Vila Prudente,vila-prudente,geosampa_metro,
Vila Romana,vila-romana,geosampa_metro,
Vila Sônia,vila-sonia,geosampa_metro,
Vila Tolstói,vila-tolstoi,geosampa_metro,
Vila União,vila-uniao,geosampa_metro,
Vila das Belezas,vila-das-belezas,geosampa_metro,
Vital Brasil,vital-brasil,geosampa_metro,
Washington Luis,washington-luis,geosampa_metro,
Água Branca,agua-branca,geosampa_metro,
Álvaro Ramos,alvaro-ramos,geosampa_metro,
Abc,abc,geosampa_train,
Aeroporto Guarulhos,aeroporto-guarulhos,geosampa_train,
Amador Bueno,amador-bueno,geosampa_train,
Ambuitá,ambuita,geosampa_train,
Antonio Gianetti Neto,antonio-gianetti-neto,geosampa_train,
Antônio João,antonio-joao,geosampa_train,
Aracaré,aracare,geosampa_train,
Araguaia,araguaia,geosampa_train,
Autódromo,autodromo,geosampa_train,
Baltazar Fidelis,baltazar-fidelis,geosampa_train,
Barueri,barueri,geosampa_train,
Berrini,berrini,geosampa_train,
Bom Pastor,bom-pastor,geosampa_train,
Bom Retiro,bom-retiro,geosampa_train,
Bonsucesso,bonsucesso,geosampa_train,
Botujuru,botujuru,geosampa_train,
Brasil,brasil,geosampa_train,
Brás,bras,geosampa_train,
Brás Cubas,bras-cubas,geosampa_train,
Caieiras,caieiras,geosampa_train,
Calmon Viana,calmon-viana,geosampa_train,
Campo Limpo,campo-limpo,geosampa_train,
Campo Limpo Paulista,campo-limpo-paulista,geosampa_train,
Cangaíba,cangaiba,geosampa_train,
Capuava,capuava,geosampa_train,
Carapicuíba,carapicuiba,geosampa_train,
Ceasa,ceasa,geosampa_train,
Cidade A.e. Carvalho,cidade-a-e-carvalho,geosampa_train,
Cidade Jardim,cidade-jardim,geosampa_train,
Cidade Universitária,cidade-universitaria,geosampa_train,
Comandante Sampaio,comandante-sampaio,geosampa_train,
Comendador Ermelino,comendador-ermelino,geosampa_train,
Corinthians - Itaquera,corinthians-itaquera,geosampa_train,
Corinthians-Itaquera,corinthians-itaquera,geosampa_train,
Demétrio Ribeiro,demetrio-ribeiro,geosampa_train,
Dom Bosco,dom-bosco,geosampa_train,
Dom Pedro I,dom-pedro-i,geosampa_train,
Domingos De Morais,domingos-de-morais,geosampa_train,
Donatello,donatello,geosampa_train,
Eiras Garcia,eiras-garcia,geosampa_train,
Engenheiro Cardoso,engenheiro-cardoso,geosampa_train,
Engenheiro Goulart,engenheiro-goulart,geosampa_train,
Engenheiro Manoel Feio,engenheiro-manoel-feio,geosampa_train,
Estudantes,estudantes,geosampa_train,
Ferraz De Vasconcelos,ferraz-de-vasconcelos,geosampa_train,
Francisco Morato,francisco-morato,geosampa_train,
Franco Da Rocha,franco-da-rocha,geosampa_train,
Gabriela Mistral,gabriela-mistral,geosampa_train,
General Miguel Costa,general-miguel-costa,geosampa_train,
Grajaú,grajau,geosampa_train,
Granja Julieta,granja-julieta,geosampa_train,
Guaianases,guaianases,geosampa_train,
Guaiaúna,guaiauna,geosampa_train,
Guapituba,guapituba,geosampa_train,
Guarulhos Cecap,guarulhos-cecap,geosampa_train,
Hebraica - Rebouças,hebraica-reboucas,geosampa_train,
Hebraica-Rebouças,hebraica-reboucas,geosampa_train,
Hortênsias,hortensias,geosampa_train,
Hosp. Da Mulher/Cidade Dos Meninos,hosp-da-mulher-cidade-dos-meninos,geosampa_train,
Hosp. Santa Marcelina,hosp-santa-marcelina,geosampa_train,
Hospital Geral,hospital-geral,geosampa_train,
Hospital Jardim Helena,hospital-jardim-helena,geosampa_train,
Imperador,imperador,geosampa_train,
Imperatriz Leopoldina,imperatriz-leopoldina,geosampa_train,
Integração,integracao,geosampa_train,
Ipiranga,ipiranga,geosampa_train,
Itaim Paulista,itaim-paulista,geosampa_train,
Itapevi,itapevi,geosampa_train,
Itapura,itapura,geosampa_train,
Itaquaquecetuba,itaquaquecetuba,geosampa_train,
Jandira,jandira,geosampa_train,
Jaraguá,jaragua,geosampa_train,
Jardim Belval,jardim-belval,geosampa_train,
Jardim D'abril,jardim-d-abril,geosampa_train,
Jardim Dos Eucaliptos,jardim-dos-eucaliptos,geosampa_train,
Jardim Helena - Vila Mara,jardim-helena-vila-mara,geosampa_train,
Jardim Irene,jardim-irene,geosampa_train,
Jardim Itápolis,jardim-itapolis,geosampa_train,
Jardim Presidente Dutra,jardim-presidente-dutra,geosampa_train,
Jardim Roberto,jardim-roberto,geosampa_train,
Jardim Romano,jardim-romano,geosampa_train,
Jardim Silveira,jardim-silveira,geosampa_train,
Jardim Sorocaba,jardim-sorocaba,geosampa_train,
José Bonifácio,jose-bonifacio,geosampa_train,
João Dias,joao-dias,geosampa_train,
Jundiapeba,jundiapeba,geosampa_train,
Jundiaí,jundiai,geosampa_train,
Jurubatuba,jurubatuba,geosampa_train,
Júlio Prestes,julio-prestes,geosampa_train,
Lajeado,lajeado,geosampa_train,
Lapa (Linha 7),lapa-linha-7,geosampa_train,
Lapa (Linha 8),lapa-linha-8,geosampa_train,
Luz,luz,geosampa_train,
Macedo Soares,macedo-soares,geosampa_train,
Mauá,maua,geosampa_train,
Mendes / Bruno Covas,mendes-bruno-covas,geosampa_train,
Miguel Couto,miguel-couto,geosampa_train,
Mogi Das Cruzes,mogi-das-cruzes,geosampa_train,
Monte Belo,monte-belo,geosampa_train,
Mooca,mooca,geosampa_train,
Morumbi,morumbi,geosampa_train,
Nova Granada,nova-granada,geosampa_train,
Osasco,osasco,geosampa_train,
Palmeiras - Barra Funda,palmeiras-barra-funda,geosampa_train,
Palmeiras-Barra Funda,palmeiras-barra-funda,geosampa_train,
Pari,pari,geosampa_train,
Parque Da Lagoa,parque-da-lagoa,geosampa_train,
Parque Da Mooca,parque-da-mooca,geosampa_train,
Parque Do Carmo,parque-do-carmo,geosampa_train,
Parque Oratório/Nevada,parque-oratorio-nevada,geosampa_train,
Penha,penha,geosampa_train,
Perus,perus,geosampa_train,
Pimentas,pimentas,geosampa_train,
Pinheiros,pinheiros,geosampa_train,
Piqueri,piqueri,geosampa_train,
Pirituba,pirituba,geosampa_train,
Poá,poa,geosampa_train,
Prefeito Celso Daniel - Santo André,prefeito-celso-daniel-santo-andre,geosampa_train,
Prefeito Saladino,prefeito-saladino,geosampa_train,
Presidente Altino,presidente-altino,geosampa_train,
Primavera - Interlagos,primavera-interlagos,geosampa_train,
Quitaúna,quitauna,geosampa_train,
Ribeirão Pires,ribeirao-pires,geosampa_train,
Rio Das Pedras/Aricanduva,rio-das-pedras-aricanduva,geosampa_train,
Rio Grande Da Serra,rio-grande-da-serra,geosampa_train,
Rio Negro,rio-negro,geosampa_train,
Sacramento,sacramento,geosampa_train,
Sagrado Coração,sagrado-coracao,geosampa_train,
Sanazar,sanazar,geosampa_train,
Santa Rita,santa-rita,geosampa_train,
Santa Terezinha,santa-terezinha,geosampa_train,
Santo Amaro (Linha 9),santo-amaro-linha-9,geosampa_train,
Santo Antônio,santo-antonio-train,geosampa_train,
Sapopemba,sapopemba,geosampa_train,
Sapucaia,sapucaia,geosampa_train,
Serra De Botucatu,serra-de-botucatu,geosampa_train,
Socorro,socorro,geosampa_train,
Suzano,suzano,geosampa_train,
São Caetano,sao-caetano,geosampa_train,
São João,sao-joao,geosampa_train,
São Miguel Paulista,sao-miguel-paulista,geosampa_train,
São Pedro,sao-pedro,geosampa_train,
Taboão Msp,taboao-msp,geosampa_train,
Tamanduateí,tamanduatei,geosampa_train,
Tamboré,tambore,geosampa_train,
Tatuapé,tatuape,geosampa_train,
União De Vila Nova,uniao-de-vila-nova,geosampa_train,
Usp Leste,usp-leste,geosampa_train,
Utinga,utinga,geosampa_train,
Varginha,varginha,geosampa_train,
Vila Aurora,vila-aurora,geosampa_train,
Vila Clarice,vila-clarice,geosampa_train,
Vila Jacuí,vila-jacui,geosampa_train,
Vila Luzita,vila-luzita,geosampa_train,
Vila Olímpia,vila-olimpia,geosampa_train,
Villa-Lobos - Jaguaré,villa-lobos-jaguare,geosampa_train,
Várzea Paulista,varzea-paulista,geosampa_train,
Água Branca,agua-branca,geosampa_train,
Alto do Ipiranga,alto-do-ipiranga,metro_current_averages,
Ana Rosa,ana-rosa,metro_current_averages,
Anhangabaú,anhangabau,metro_current_averages,
Armênia,armenia,metro_current_averages,
Artur Alvim,artur-alvim,metro_current_averages,
Belém,belem,metro_current_averages,
Bresser-Moóca,bresser-mooca,metro_current_averages,
Brigadeiro,brigadeiro,metro_current_averages,
Brás,bras,metro_current_averages,
Camilo Haddad,camilo-haddad,metro_current_averages,
Carandiru,carandiru,metro_current_averages,
Carrão,carrao,metro_current_averages,
Carrão-Assaí Atacadista,carrao,metro_current_averages,
Chácara Klabin,chacara-klabin,metro_current_averages,
Clínicas,clinicas,metro_current_averages,
Conceição,conceicao,metro_current_averages,
Consolação,consolacao,metro_current_averages,
Corinthians-Itaquera,corinthians-itaquera,metro_current_averages,
Fazenda da Juta,fazenda-da-juta,metro_current_averages,
Giovani Gronchi,giovanni-gronchi,metro_current_averages,
Guilhermina-Esperança,guilhermina-esperanca,metro_current_averages,
Jabaquara,jabaquara,metro_current_averages,
Japão-Liberdade,japao-liberdade,metro_current_averages,
Jardim Colonial,jardim-colonial,metro_current_averages,
Jardim Planalto,jardim-planalto,metro_current_averages,
Jardim São Paulo-Ayrton Senna,jardim-sao-paulo-ayrton-senna,metro_current_averages,
Liberdade,japao-liberdade,metro_current_averages,
Luz,luz,metro_current_averages,
Marechal Deodoro,marechal-deodoro,metro_current_averages,
Oratório,oratorio,metro_current_averages,
Palmeiras-Barra Funda,palmeiras-barra-funda,metro_current_averages,
Parada Inglesa,parada-inglesa,metro_current_averages,
Paraíso,paraiso,metro_current_averages,
Patriarca,patriarca,metro_current_averages,
Patriarca-Vila Ré,patriarca,metro_current_averages,
Pedro II,pedro-ii,metro_current_averages,
Penha,penha,metro_current_averages,
Penha-Lojas Besni,penha,metro_current_averages,
Portuguesa-Tietê,portuguesa-tiete,metro_current_averages,
Praça da Árvore,praca-da-arvore,metro_current_averages,
República,republica,metro_current_averages,
Sacomã,sacoma,metro_current_averages,
Santa Cecília,santa-cecilia,metro_current_averages,
Santa Cruz,santa-cruz,metro_current_averages,
Santana,santana,metro_current_averages,
Santos-Imigrantes,santos-imigrantes,metro_current_averages,
Santuário N.S. de Fátima-Sumaré,sumare,metro_current_averages,
Sapopemba,sapopemba,metro_current_averages,
Saúde,saude,metro_current_averages,
Saúde-Ultrafarma,saude,metro_current_averages,
São Bento,sao-bento,metro_current_averages,
São Joaquim,sao-joaquim,metro_current_averages,
São Judas,sao-judas,metro_current_averages,
São Lucas,sao-lucas,metro_current_averages,
São Mateus,sao-mateus,metro_current_averages,
Sé,se,metro_current_averages,
Tamanduateí,tamanduatei,metro_current_averages,
Tatuapé,tatuape,metro_current_averages,
Tiradentes,tiradentes,metro_current_averages,
Trianon-Masp,trianon-masp,metro_current_averages,
Tucuruvi,tucuruvi,metro_current_averages,
Vergueiro,vergueiro,metro_current_averages,
Vila Madalena,vila-madalena,metro_current_averages,
Vila Mariana,vila-mariana,metro_current_averages,
Vila Matilde,vila-matilde,metro_current_averages,
Vila Prudente,vila-prudente,metro_current_averages,
Vila Tolstói,vila-tolstoi,metro_current_averages,
Vila União,vila-uniao,metro_current_averages,
Alto do Ipiranga,alto-do-ipiranga,metro_current_daily,
Ana Rosa,ana-rosa,metro_current_daily,
Anhangabaú,anhangabau,metro_current_daily,
Armênia,armenia,metro_current_daily,
Artur Alvim,artur-alvim,metro_current_daily,
Belém,belem,metro_current_daily,
Bresser-Moóca,bresser-mooca,metro_current_daily,
Brigadeiro,brigadeiro,metro_current_daily,
Brás,bras,metro_current_daily,
Camilo Haddad,camilo-haddad,metro_current_daily,
Carandiru,carandiru,metro_current_daily,
Carrão,carrao,metro_current_daily,
Carrão-Assaí Atacadista,carrao,metro_current_daily,
Chácara Klabin,chacara-klabin,metro_current_daily,
Clínicas,clinicas,metro_current_daily,
Conceição,conceicao,metro_current_daily,
Consolação,consolacao,metro_current_daily,
Corinthians-Itaquera,corinthians-itaquera,metro_current_daily,
Fazenda da Juta,fazenda-da-juta,metro_current_daily,
Giovani Gronchi,giovanni-gronchi,metro_current_daily,
Guilhermina-Esperança,guilhermina-esperanca,metro_current_daily,
Jabaquara,jabaquara,metro_current_daily,
Japão-Liberdade,japao-liberdade,metro_current_daily,
Jardim Colonial,jardim-colonial,metro_current_daily,
Jardim Planalto,jardim-planalto,metro_current_daily,
Jardim São Paulo-Ayrton Senna,jardim-sao-paulo-ayrton-senna,metro_current_daily,
Liberdade,japao-liberdade,metro_current_daily,
Luz,luz,metro_current_daily,
Marechal Deodoro,marechal-deodoro,metro_current_daily,
Oratório,oratorio,metro_current_daily,
Palmeiras-Barra Funda,palmeiras-barra-funda,metro_current_daily,
Parada Inglesa,parada-inglesa,metro_current_daily,
Paraíso,paraiso,metro_current_daily,
Patriarca,patriarca,metro_current_daily,
Patriarca-Vila Ré,patriarca,metro_current_daily,
Pedro II,pedro-ii,metro_current_daily,
Penha,penha,metro_current_daily,
Penha-Lojas Besni,penha,metro_current_daily,
Portuguesa-Tietê,portuguesa-tiete,metro_current_daily,
Praça da Árvore,praca-da-arvore,metro_current_daily,
República,republica,metro_current_daily,
Sacomã,sacoma,metro_current_daily,
Santa Cecília,santa-cecilia,metro_current_daily,
Santa Cruz,santa-cruz,metro_current_daily,
Santana,santana,metro_current_daily,
Santos-Imigrantes,santos-imigrantes,metro_current_daily,
Santuário N.S. de Fátima-Sumaré,sumare,metro_current_daily,
Sapopemba,sapopemba,metro_current_daily,
Saúde,saude,metro_current_daily,
Saúde-Ultrafarma,saude,metro_current_daily,
Sumaré,sumare,metro_current_daily,
São Bento,sao-bento,metro_current_daily,
São Joaquim,sao-joaquim,metro_current_daily,
São Judas,sao-judas,metro_current_daily,
São Lucas,sao-lucas,metro_current_daily,
São Mateus,sao-mateus,metro_current_daily,
Sé,se,metro_current_daily,
Tamanduateí,tamanduatei,metro_current_daily,
Tatuapé,tatuape,metro_current_daily,
Tiradentes,tiradentes,metro_current_daily,
Trianon-Masp,trianon-masp,metro_current_daily,
Tucuruvi,tucuruvi,metro_current_daily,
Vergueiro,vergueiro,metro_current_daily,
Vila Madalena,vila-madalena,metro_current_daily,
Vila Mariana,vila-mariana,metro_current_daily,
Vila Matilde,vila-matilde,metro_current_daily,
Vila Prudente,vila-prudente,metro_current_daily,
Vila Tolstói,vila-tolstoi,metro_current_daily,
Vila União,vila-uniao,metro_current_daily,
Adolfo Pinheiro,adolfo-pinheiro,metro_historic,
Alto da Boa Vista,alto-da-boa-vista,metro_historic,
Alto do Ipiranga,alto-do-ipiranga,metro_historic,
Ana Rosa,ana-rosa,metro_historic,
Anhangabaú,anhangabau,metro_historic,
Armênia,armenia,metro_historic,
Artur Alvim,artur-alvim,metro_historic,
Belém,belem,metro_historic,
Borba Gato,borba-gato,metro_historic,
Bresser-Moóca,bresser-mooca,metro_historic,
Brigadeiro,brigadeiro,metro_historic,
Brooklin,brooklin,metro_historic,
Brás,bras,metro_historic,
Camilo Haddad,camilo-haddad,metro_historic,
Campo Limpo,campo-limpo,metro_historic,
Capão Redondo,capao-redondo,metro_historic,
Carandiru,carandiru,metro_historic,
Carrão,carrao,metro_historic,
Carrão-Assaí Atacadista,carrao,metro_historic,
Chácara Klabin,chacara-klabin,metro_historic,
Clínicas,clinicas,metro_historic,
Conceição,conceicao,metro_historic,
Consolação,consolacao,metro_historic,
Corinthians-Itaquera,corinthians-itaquera,metro_historic,
Eucaliptos,eucaliptos,metro_historic,
Fazenda da Juta,fazenda-da-juta,metro_historic,
Giovani Gronchi,giovanni-gronchi,metro_historic,
Giovanni Gronchi,giovanni-gronchi,metro_historic,
Guilhermina-Esperança,guilhermina-esperanca,metro_historic,
Jabaquara,jabaquara,metro_historic,
Japão-Liberdade,japao-liberdade,metro_historic,
Jardim Planalto,jardim-planalto,metro_historic,
Jardim São Paulo-Ayrton Senna,jardim-sao-paulo-ayrton-senna,metro_historic,
Largo Treze,largo-treze,metro_historic,
Liberdade,japao-liberdade,metro_historic,
Luz,luz,metro_historic,
Marechal Deodoro,marechal-deodoro,metro_historic,
Oratório,oratorio,metro_historic,
Palmeiras-Barra Funda,palmeiras-barra-funda,metro_historic,
Parada Inglesa,parada-inglesa,metro_historic,
Paraíso,paraiso,metro_historic,
Patriarca,patriarca,metro_historic,
Patriarca-Vila Ré,patriarca,metro_historic,
Pedro II,pedro-ii,metro_historic,
Penha,penha,metro_historic,
Penha-Lojas Besni,penha,metro_historic,
Portuguesa-Tietê,portuguesa-tiete,metro_historic,
Praça da Árvore,praca-da-arvore,metro_historic,
República,republica,metro_historic,
Sacomã,sacoma,metro_historic,
Santa Cecília,santa-cecilia,metro_historic,
Santa Cruz,santa-cruz,metro_historic,
Santana,santana,metro_historic,
Santo Amaro,santo-amaro,metro_historic,
Santos-Imigrantes,santos-imigrantes,metro_historic,
Santuário N.S. de Fátima-Sumaré,sumare,metro_historic,
Sapopemba,sapopemba,metro_historic,
Saúde,saude,metro_historic,
Saúde-Ultrafarma,saude,metro_historic,
São Bento,sao-bento,metro_historic,
São Joaquim,sao-joaquim,metro_historic,
São Judas,sao-judas,metro_historic,
São Lucas,sao-lucas,metro_historic,
São Mateus,sao-mateus,metro_historic,
Sé,se,metro_historic,
Tamanduateí,tamanduatei,metro_historic,
Tatuapé,tatuape,metro_historic,
Tiradentes,tiradentes,metro_historic,
Trianon-Masp,trianon-masp,metro_historic,
Tucuruvi,tucuruvi,metro_historic,
Vergueiro,vergueiro,metro_historic,
Vila Madalena,vila-madalena,metro_historic,
Vila Mariana,vila-mariana,metro_historic,
Vila Matilde,vila-matilde,metro_historic,
Vila Prudente,vila-prudente,metro_historic,
Vila Tolstói,vila-tolstoi,metro_historic,
Vila União,vila-uniao,metro_historic,
Vila das Belezas,vila-das-belezas,metro_historic,
